Starting project at F:\final year project\A-Real-Time-Autonomous-Smart-Cart-System-for-Human-Retail-Shopping-Assistance\frontend
Using src/app as the root directory for Expo Router.
React Compiler enabled
Starting Metro Bundler

warning: Bundler cache is empty, rebuilding (this may take a minute)
Waiting on http://localhost:8081

An update for expo is available: 57.0.14 → ~57.0.15
4 other packages may need updating. Run npx expo install --check for details.
Logs for your project will appear below.
λ Bundled 32498ms node_modules\expo\node_modules\@expo\cli\node_modules\@expo\router-server\node\render.js (1695 modules)
λ  WARN  "shadow*" style props are deprecated. Use "boxShadow". 
  console.logWithStack [as warn] (F:\final year project\A-Real-Time-Autonomous-Smart-Cart-System-for-Human-Retail-Shopping-Assistance\frontend\node_modules\expo\node_modules\@expo\cli\build\src\start\server\serverLogLikeMetro.js:214:27)
  warnOnce (F:\final year project\A-Real-Time-Autonomous-Smart-Cart-System-for-Human-Retail-Shopping-Assistance\frontend\node_modules\react-native-web\dist\modules\warnOnce\index.js:24:13)
  preprocess (F:\final year project\A-Real-Time-Autonomous-Smart-Cart-System-for-Human-Retail-Shopping-Assistance\frontend\node_modules\react-native-web\dist\exports\StyleSheet\preprocess.js:136:13)
  compileAndInsertAtomic (F:\final year project\A-Real-Time-Autonomous-Smart-Cart-System-for-Human-Retail-Shopping-Assistance\frontend\node_modules\react-native-web\dist\exports\StyleSheet\index.js:56:34)
  <unknown> (F:\final year project\A-Real-Time-Autonomous-Smart-Cart-System-for-Human-Retail-Shopping-Assistance\frontend\node_modules\react-native-web\dist\exports\StyleSheet\index.js:99:26)
  Function.create (F:\final year project\A-Real-Time-Autonomous-Smart-Cart-System-for-Human-Retail-Shopping-Assistance\frontend\node_modules\react-native-web\dist\exports\StyleSheet\index.js:87:23)
  factory (F:\final year project\A-Real-Time-Autonomous-Smart-Cart-System-for-Human-Retail-Shopping-Assistance\frontend\src\app\index.tsx:193:27)
  loadModuleImplementation (F:\final year project\A-Real-Time-Autonomous-Smart-Cart-System-for-Human-Retail-Shopping-Assistance\frontend\node_modules\metro\node_modules\metro-runtime\src\polyfills\require.js:285:5)
  guardedLoadModule (F:\final year project\A-Real-Time-Autonomous-Smart-Cart-System-for-Human-Retail-Shopping-Assistance\frontend\node_modules\metro\node_modules\metro-runtime\src\polyfills\require.js:183:21)
  require (F:\final year project\A-Real-Time-Autonomous-Smart-Cart-System-for-Human-Retail-Shopping-Assistance\frontend\node_modules\metro\node_modules\metro-runtime\src\polyfills\require.js:98:7)
  Object.loadRoute (F:\final year project\A-Real-Time-Autonomous-Smart-Cart-System-for-Human-Retail-Shopping-Assistance\frontend\node_modules\expo-router\build\getRoutesCore.js:239:35)
  runtimeValidateRouteNode (F:\final year project\A-Real-Time-Autonomous-Smart-Cart-System-for-Human-Retail-Shopping-Assistance\frontend\node_modules\expo-router\build\getRoutesCore.js:503:32)
  validateRouteTreeExports (F:\final year project\A-Real-Time-Autonomous-Smart-Cart-System-for-Human-Retail-Shopping-Assistance\frontend\node_modules\expo-router\build\getRoutesCore.js:514:5)
  validateRouteTreeExports (F:\final year project\A-Real-Time-Autonomous-Smart-Cart-System-for-Human-Retail-Shopping-Assistance\frontend\node_modules\expo-router\build\getRoutesCore.js:516:9)
  getRoutes (F:\final year project\A-Real-Time-Autonomous-Smart-Cart-System-for-Human-Retail-Shopping-Assistance\frontend\node_modules\expo-router\build\getRoutesCore.js:33:9)
  getRoutes (F:\final year project\A-Real-Time-Autonomous-Smart-Cart-System-for-Human-Retail-Shopping-Assistance\frontend\node_modules\expo-router\build\getRoutes.js:20:41)
  useStore (F:\final year project\A-Real-Time-Autonomous-Smart-Cart-System-for-Human-Retail-Shopping-Assistance\frontend\node_modules\expo-router\build\global-state\useStore.js:28:48)
  Component (F:\final year project\A-Real-Time-Autonomous-Smart-Cart-System-for-Human-Retail-Shopping-Assistance\frontend\node_modules\expo-router\build\ExpoRoot.js:122:46)
  Object.callComponentInDEV [as react_stack_bottom_frame] (F:\final year project\A-Real-Time-Autonomous-Smart-Cart-System-for-Human-Retail-Shopping-Assistance\frontend\node_modules\react-dom\cjs\react-dom-server-legacy.node.development.js:9808:18)
  renderWithHooks (F:\final year project\A-Real-Time-Autonomous-Smart-Cart-System-for-Human-Retail-Shopping-Assistance\frontend\node_modules\react-dom\cjs\react-dom-server-legacy.node.development.js:5062:19)
  run (F:\final year project\A-Real-Time-Autonomous-Smart-Cart-System-for-Human-Retail-Shopping-Assistance\frontend\node_modules\react-dom\cjs\react-dom-server-legacy.node.development.js:5497:23)
  retryNode (F:\final year project\A-Real-Time-Autonomous-Smart-Cart-System-for-Human-Retail-Shopping-Assistance\frontend\node_modules\react-dom\cjs\react-dom-server-legacy.node.development.js:6417:31)
  renderNodeDestructive (F:\final year project\A-Real-Time-Autonomous-Smart-Cart-System-for-Human-Retail-Shopping-Assistance\frontend\node_modules\react-dom\cjs\react-dom-server-legacy.node.development.js:6367:11)
  finishFunctionComponent (F:\final year project\A-Real-Time-Autonomous-Smart-Cart-System-for-Human-Retail-Shopping-Assistance\frontend\node_modules\react-dom\cjs\react-dom-server-legacy.node.development.js:5106:13)
  run (F:\final year project\A-Real-Time-Autonomous-Smart-Cart-System-for-Human-Retail-Shopping-Assistance\frontend\node_modules\react-dom\cjs\react-dom-server-legacy.node.development.js:5552:11)
  retryNode (F:\final year project\A-Real-Time-Autonomous-Smart-Cart-System-for-Human-Retail-Shopping-Assistance\frontend\node_modules\react-dom\cjs\react-dom-server-legacy.node.development.js:6417:31)
  renderNodeDestructive (F:\final year project\A-Real-Time-Autonomous-Smart-Cart-System-for-Human-Retail-Shopping-Assistance\frontend\node_modules\react-dom\cjs\react-dom-server-legacy.node.development.js:6367:11)
  finishFunctionComponent (F:\final year project\A-Real-Time-Autonomous-Smart-Cart-System-for-Human-Retail-Shopping-Assistance\frontend\node_modules\react-dom\cjs\react-dom-server-legacy.node.development.js:5106:13)
  run (F:\final year project\A-Real-Time-Autonomous-Smart-Cart-System-for-Human-Retail-Shopping-Assistance\frontend\node_modules\react-dom\cjs\react-dom-server-legacy.node.development.js:5552:11)
  retryNode (F:\final year project\A-Real-Time-Autonomous-Smart-Cart-System-for-Human-Retail-Shopping-Assistance\frontend\node_modules\react-dom\cjs\react-dom-server-legacy.node.development.js:6417:31)
  renderNodeDestructive (F:\final year project\A-Real-Time-Autonomous-Smart-Cart-System-for-Human-Retail-Shopping-Assistance\frontend\node_modules\react-dom\cjs\react-dom-server-legacy.node.development.js:6367:11)
  run (F:\final year project\A-Real-Time-Autonomous-Smart-Cart-System-for-Human-Retail-Shopping-Assistance\frontend\node_modules\react-dom\cjs\react-dom-server-legacy.node.development.js:6063:15)
  retryNode (F:\final year project\A-Real-Time-Autonomous-Smart-Cart-System-for-Human-Retail-Shopping-Assistance\frontend\node_modules\react-dom\cjs\react-dom-server-legacy.node.development.js:6417:31)
  renderNodeDestructive (F:\final year project\A-Real-Time-Autonomous-Smart-Cart-System-for-Human-Retail-Shopping-Assistance\frontend\node_modules\react-dom\cjs\react-dom-server-legacy.node.development.js:6367:11)
  run (F:\final year project\A-Real-Time-Autonomous-Smart-Cart-System-for-Human-Retail-Shopping-Assistance\frontend\node_modules\react-dom\cjs\react-dom-server-legacy.node.development.js:6063:15)
  retryNode (F:\final year project\A-Real-Time-Autonomous-Smart-Cart-System-for-Human-Retail-Shopping-Assistance\frontend\node_modules\react-dom\cjs\react-dom-server-legacy.node.development.js:6417:31)
  renderNodeDestructive (F:\final year project\A-Real-Time-Autonomous-Smart-Cart-System-for-Human-Retail-Shopping-Assistance\frontend\node_modules\react-dom\cjs\react-dom-server-legacy.node.development.js:6367:11)
  finishFunctionComponent (F:\final year project\A-Real-Time-Autonomous-Smart-Cart-System-for-Human-Retail-Shopping-Assistance\frontend\node_modules\react-dom\cjs\react-dom-server-legacy.node.development.js:5106:13)
  run (F:\final year project\A-Real-Time-Autonomous-Smart-Cart-System-for-Human-Retail-Shopping-Assistance\frontend\node_modules\react-dom\cjs\react-dom-server-legacy.node.development.js:5552:11)
  retryNode (F:\final year project\A-Real-Time-Autonomous-Smart-Cart-System-for-Human-Retail-Shopping-Assistance\frontend\node_modules\react-dom\cjs\react-dom-server-legacy.node.development.js:6417:31)
  renderNodeDestructive (F:\final year project\A-Real-Time-Autonomous-Smart-Cart-System-for-Human-Retail-Shopping-Assistance\frontend\node_modules\react-dom\cjs\react-dom-server-legacy.node.development.js:6367:11)
  run (F:\final year project\A-Real-Time-Autonomous-Smart-Cart-System-for-Human-Retail-Shopping-Assistance\frontend\node_modules\react-dom\cjs\react-dom-server-legacy.node.development.js:6063:15)
  retryNode (F:\final year project\A-Real-Time-Autonomous-Smart-Cart-System-for-Human-Retail-Shopping-Assistance\frontend\node_modules\react-dom\cjs\react-dom-server-legacy.node.development.js:6417:31)
  renderNodeDestructive (F:\final year project\A-Real-Time-Autonomous-Smart-Cart-System-for-Human-Retail-Shopping-Assistance\frontend\node_modules\react-dom\cjs\react-dom-server-legacy.node.development.js:6367:11)
  finishFunctionComponent (F:\final year project\A-Real-Time-Autonomous-Smart-Cart-System-for-Human-Retail-Shopping-Assistance\frontend\node_modules\react-dom\cjs\react-dom-server-legacy.node.development.js:5106:13)
  run (F:\final year project\A-Real-Time-Autonomous-Smart-Cart-System-for-Human-Retail-Shopping-Assistance\frontend\node_modules\react-dom\cjs\react-dom-server-legacy.node.development.js:5552:11)
  retryNode (F:\final year project\A-Real-Time-Autonomous-Smart-Cart-System-for-Human-Retail-Shopping-Assistance\frontend\node_modules\react-dom\cjs\react-dom-server-legacy.node.development.js:6417:31)
λ  WARN  "textShadow*" style props are deprecated. Use "textShadow". 
  console.logWithStack [as warn] (F:\final year project\A-Real-Time-Autonomous-Smart-Cart-System-for-Human-Retail-Shopping-Assistance\frontend\node_modules\expo\node_modules\@expo\cli\build\src\start\server\serverLogLikeMetro.js:214:27)
  warnOnce (F:\final year project\A-Real-Time-Autonomous-Smart-Cart-System-for-Human-Retail-Shopping-Assistance\frontend\node_modules\react-native-web\dist\modules\warnOnce\index.js:24:13)
  preprocess (F:\final year project\A-Real-Time-Autonomous-Smart-Cart-System-for-Human-Retail-Shopping-Assistance\frontend\node_modules\react-native-web\dist\exports\StyleSheet\preprocess.js:145:13)
  compileAndInsertAtomic (F:\final year project\A-Real-Time-Autonomous-Smart-Cart-System-for-Human-Retail-Shopping-Assistance\frontend\node_modules\react-native-web\dist\exports\StyleSheet\index.js:56:34)
  <unknown> (F:\final year project\A-Real-Time-Autonomous-Smart-Cart-System-for-Human-Retail-Shopping-Assistance\frontend\node_modules\react-native-web\dist\exports\StyleSheet\index.js:99:26)
  Function.create (F:\final year project\A-Real-Time-Autonomous-Smart-Cart-System-for-Human-Retail-Shopping-Assistance\frontend\node_modules\react-native-web\dist\exports\StyleSheet\index.js:87:23)
  factory (F:\final year project\A-Real-Time-Autonomous-Smart-Cart-System-for-Human-Retail-Shopping-Assistance\frontend\src\app\(customer)\index.tsx:457:27)
  loadModuleImplementation (F:\final year project\A-Real-Time-Autonomous-Smart-Cart-System-for-Human-Retail-Shopping-Assistance\frontend\node_modules\metro\node_modules\metro-runtime\src\polyfills\require.js:285:5)
  guardedLoadModule (F:\final year project\A-Real-Time-Autonomous-Smart-Cart-System-for-Human-Retail-Shopping-Assistance\frontend\node_modules\metro\node_modules\metro-runtime\src\polyfills\require.js:183:21)
  require (F:\final year project\A-Real-Time-Autonomous-Smart-Cart-System-for-Human-Retail-Shopping-Assistance\frontend\node_modules\metro\node_modules\metro-runtime\src\polyfills\require.js:98:7)
  Object.loadRoute (F:\final year project\A-Real-Time-Autonomous-Smart-Cart-System-for-Human-Retail-Shopping-Assistance\frontend\node_modules\expo-router\build\getRoutesCore.js:239:35)
  runtimeValidateRouteNode (F:\final year project\A-Real-Time-Autonomous-Smart-Cart-System-for-Human-Retail-Shopping-Assistance\frontend\node_modules\expo-router\build\getRoutesCore.js:503:32)
  validateRouteTreeExports (F:\final year project\A-Real-Time-Autonomous-Smart-Cart-System-for-Human-Retail-Shopping-Assistance\frontend\node_modules\expo-router\build\getRoutesCore.js:514:5)
  validateRouteTreeExports (F:\final year project\A-Real-Time-Autonomous-Smart-Cart-System-for-Human-Retail-Shopping-Assistance\frontend\node_modules\expo-router\build\getRoutesCore.js:516:9)
  validateRouteTreeExports (F:\final year project\A-Real-Time-Autonomous-Smart-Cart-System-for-Human-Retail-Shopping-Assistance\frontend\node_modules\expo-router\build\getRoutesCore.js:516:9)
  getRoutes (F:\final year project\A-Real-Time-Autonomous-Smart-Cart-System-for-Human-Retail-Shopping-Assistance\frontend\node_modules\expo-router\build\getRoutesCore.js:33:9)
  getRoutes (F:\final year project\A-Real-Time-Autonomous-Smart-Cart-System-for-Human-Retail-Shopping-Assistance\frontend\node_modules\expo-router\build\getRoutes.js:20:41)
  useStore (F:\final year project\A-Real-Time-Autonomous-Smart-Cart-System-for-Human-Retail-Shopping-Assistance\frontend\node_modules\expo-router\build\global-state\useStore.js:28:48)
  Component (F:\final year project\A-Real-Time-Autonomous-Smart-Cart-System-for-Human-Retail-Shopping-Assistance\frontend\node_modules\expo-router\build\ExpoRoot.js:122:46)
  Object.callComponentInDEV [as react_stack_bottom_frame] (F:\final year project\A-Real-Time-Autonomous-Smart-Cart-System-for-Human-Retail-Shopping-Assistance\frontend\node_modules\react-dom\cjs\react-dom-server-legacy.node.development.js:9808:18)
  renderWithHooks (F:\final year project\A-Real-Time-Autonomous-Smart-Cart-System-for-Human-Retail-Shopping-Assistance\frontend\node_modules\react-dom\cjs\react-dom-server-legacy.node.development.js:5062:19)
  run (F:\final year project\A-Real-Time-Autonomous-Smart-Cart-System-for-Human-Retail-Shopping-Assistance\frontend\node_modules\react-dom\cjs\react-dom-server-legacy.node.development.js:5497:23)
  retryNode (F:\final year project\A-Real-Time-Autonomous-Smart-Cart-System-for-Human-Retail-Shopping-Assistance\frontend\node_modules\react-dom\cjs\react-dom-server-legacy.node.development.js:6417:31)
  renderNodeDestructive (F:\final year project\A-Real-Time-Autonomous-Smart-Cart-System-for-Human-Retail-Shopping-Assistance\frontend\node_modules\react-dom\cjs\react-dom-server-legacy.node.development.js:6367:11)
  finishFunctionComponent (F:\final year project\A-Real-Time-Autonomous-Smart-Cart-System-for-Human-Retail-Shopping-Assistance\frontend\node_modules\react-dom\cjs\react-dom-server-legacy.node.development.js:5106:13)
  run (F:\final year project\A-Real-Time-Autonomous-Smart-Cart-System-for-Human-Retail-Shopping-Assistance\frontend\node_modules\react-dom\cjs\react-dom-server-legacy.node.development.js:5552:11)
  retryNode (F:\final year project\A-Real-Time-Autonomous-Smart-Cart-System-for-Human-Retail-Shopping-Assistance\frontend\node_modules\react-dom\cjs\react-dom-server-legacy.node.development.js:6417:31)
  renderNodeDestructive (F:\final year project\A-Real-Time-Autonomous-Smart-Cart-System-for-Human-Retail-Shopping-Assistance\frontend\node_modules\react-dom\cjs\react-dom-server-legacy.node.development.js:6367:11)
  finishFunctionComponent (F:\final year project\A-Real-Time-Autonomous-Smart-Cart-System-for-Human-Retail-Shopping-Assistance\frontend\node_modules\react-dom\cjs\react-dom-server-legacy.node.development.js:5106:13)
  run (F:\final year project\A-Real-Time-Autonomous-Smart-Cart-System-for-Human-Retail-Shopping-Assistance\frontend\node_modules\react-dom\cjs\react-dom-server-legacy.node.development.js:5552:11)
  retryNode (F:\final year project\A-Real-Time-Autonomous-Smart-Cart-System-for-Human-Retail-Shopping-Assistance\frontend\node_modules\react-dom\cjs\react-dom-server-legacy.node.development.js:6417:31)
  renderNodeDestructive (F:\final year project\A-Real-Time-Autonomous-Smart-Cart-System-for-Human-Retail-Shopping-Assistance\frontend\node_modules\react-dom\cjs\react-dom-server-legacy.node.development.js:6367:11)
  run (F:\final year project\A-Real-Time-Autonomous-Smart-Cart-System-for-Human-Retail-Shopping-Assistance\frontend\node_modules\react-dom\cjs\react-dom-server-legacy.node.development.js:6063:15)
  retryNode (F:\final year project\A-Real-Time-Autonomous-Smart-Cart-System-for-Human-Retail-Shopping-Assistance\frontend\node_modules\react-dom\cjs\react-dom-server-legacy.node.development.js:6417:31)
  renderNodeDestructive (F:\final year project\A-Real-Time-Autonomous-Smart-Cart-System-for-Human-Retail-Shopping-Assistance\frontend\node_modules\react-dom\cjs\react-dom-server-legacy.node.development.js:6367:11)
  run (F:\final year project\A-Real-Time-Autonomous-Smart-Cart-System-for-Human-Retail-Shopping-Assistance\frontend\node_modules\react-dom\cjs\react-dom-server-legacy.node.development.js:6063:15)
  retryNode (F:\final year project\A-Real-Time-Autonomous-Smart-Cart-System-for-Human-Retail-Shopping-Assistance\frontend\node_modules\react-dom\cjs\react-dom-server-legacy.node.development.js:6417:31)
  renderNodeDestructive (F:\final year project\A-Real-Time-Autonomous-Smart-Cart-System-for-Human-Retail-Shopping-Assistance\frontend\node_modules\react-dom\cjs\react-dom-server-legacy.node.development.js:6367:11)
  finishFunctionComponent (F:\final year project\A-Real-Time-Autonomous-Smart-Cart-System-for-Human-Retail-Shopping-Assistance\frontend\node_modules\react-dom\cjs\react-dom-server-legacy.node.development.js:5106:13)
  run (F:\final year project\A-Real-Time-Autonomous-Smart-Cart-System-for-Human-Retail-Shopping-Assistance\frontend\node_modules\react-dom\cjs\react-dom-server-legacy.node.development.js:5552:11)
  retryNode (F:\final year project\A-Real-Time-Autonomous-Smart-Cart-System-for-Human-Retail-Shopping-Assistance\frontend\node_modules\react-dom\cjs\react-dom-server-legacy.node.development.js:6417:31)
  renderNodeDestructive (F:\final year project\A-Real-Time-Autonomous-Smart-Cart-System-for-Human-Retail-Shopping-Assistance\frontend\node_modules\react-dom\cjs\react-dom-server-legacy.node.development.js:6367:11)
  run (F:\final year project\A-Real-Time-Autonomous-Smart-Cart-System-for-Human-Retail-Shopping-Assistance\frontend\node_modules\react-dom\cjs\react-dom-server-legacy.node.development.js:6063:15)
  retryNode (F:\final year project\A-Real-Time-Autonomous-Smart-Cart-System-for-Human-Retail-Shopping-Assistance\frontend\node_modules\react-dom\cjs\react-dom-server-legacy.node.development.js:6417:31)
  renderNodeDestructive (F:\final year project\A-Real-Time-Autonomous-Smart-Cart-System-for-Human-Retail-Shopping-Assistance\frontend\node_modules\react-dom\cjs\react-dom-server-legacy.node.development.js:6367:11)
  finishFunctionComponent (F:\final year project\A-Real-Time-Autonomous-Smart-Cart-System-for-Human-Retail-Shopping-Assistance\frontend\node_modules\react-dom\cjs\react-dom-server-legacy.node.development.js:5106:13)
  renderElement (F:\final year project\A-Real-Time-Autonomous-Smart-Cart-System-for-Human-Retail-Shopping-Assistance\frontend\node_modules\react-dom\cjs\react-dom-server-legacy.node.development.js:5552:11)
Web Bundled 33354ms node_modules\expo-router\entry.js (1583 modules)
Web Bundled 4847ms node_modules\expo-router\entry.js (1587 modules)
Web  INFO  %cDownload the React DevTools for a better development experience: https://react.dev/link/react-devtools font-weight:bold
Web  LOG  Running application "main" with appParams:
 {"hydrate": undefined, "rootTag": "#root"} 
Development-level warnings: ON.
Performance optimizations: OFF.
Web  WARN  "shadow*" style props are deprecated. Use "boxShadow".
Web  WARN  "textShadow*" style props are deprecated. Use "textShadow".
Web  WARN  props.pointerEvents is deprecated. Use style.pointerEvents
λ Bundled 1139ms node_modules\expo\node_modules\@expo\cli\node_modules\@expo\router-server\node\render.js (1 module)
λ  WARN  "shadow*" style props are deprecated. Use "boxShadow". 
  console.logWithStack [as warn] (F:\final year project\A-Real-Time-Autonomous-Smart-Cart-System-for-Human-Retail-Shopping-Assistance\frontend\node_modules\expo\node_modules\@expo\cli\build\src\start\server\serverLogLikeMetro.js:214:27)
  warnOnce (F:\final year project\A-Real-Time-Autonomous-Smart-Cart-System-for-Human-Retail-Shopping-Assistance\frontend\node_modules\react-native-web\dist\modules\warnOnce\index.js:24:13)
  preprocess (F:\final year project\A-Real-Time-Autonomous-Smart-Cart-System-for-Human-Retail-Shopping-Assistance\frontend\node_modules\react-native-web\dist\exports\StyleSheet\preprocess.js:136:13)
  compileAndInsertAtomic (F:\final year project\A-Real-Time-Autonomous-Smart-Cart-System-for-Human-Retail-Shopping-Assistance\frontend\node_modules\react-native-web\dist\exports\StyleSheet\index.js:56:34)
  <unknown> (F:\final year project\A-Real-Time-Autonomous-Smart-Cart-System-for-Human-Retail-Shopping-Assistance\frontend\node_modules\react-native-web\dist\exports\StyleSheet\index.js:99:26)
  Function.create (F:\final year project\A-Real-Time-Autonomous-Smart-Cart-System-for-Human-Retail-Shopping-Assistance\frontend\node_modules\react-native-web\dist\exports\StyleSheet\index.js:87:23)
  factory (F:\final year project\A-Real-Time-Autonomous-Smart-Cart-System-for-Human-Retail-Shopping-Assistance\frontend\src\app\index.tsx:193:27)
  loadModuleImplementation (F:\final year project\A-Real-Time-Autonomous-Smart-Cart-System-for-Human-Retail-Shopping-Assistance\frontend\node_modules\metro\node_modules\metro-runtime\src\polyfills\require.js:285:5)
  guardedLoadModule (F:\final year project\A-Real-Time-Autonomous-Smart-Cart-System-for-Human-Retail-Shopping-Assistance\frontend\node_modules\metro\node_modules\metro-runtime\src\polyfills\require.js:183:21)
  require (F:\final year project\A-Real-Time-Autonomous-Smart-Cart-System-for-Human-Retail-Shopping-Assistance\frontend\node_modules\metro\node_modules\metro-runtime\src\polyfills\require.js:98:7)
  Object.loadRoute (F:\final year project\A-Real-Time-Autonomous-Smart-Cart-System-for-Human-Retail-Shopping-Assistance\frontend\node_modules\expo-router\build\getRoutesCore.js:239:35)
  runtimeValidateRouteNode (F:\final year project\A-Real-Time-Autonomous-Smart-Cart-System-for-Human-Retail-Shopping-Assistance\frontend\node_modules\expo-router\build\getRoutesCore.js:503:32)
  validateRouteTreeExports (F:\final year project\A-Real-Time-Autonomous-Smart-Cart-System-for-Human-Retail-Shopping-Assistance\frontend\node_modules\expo-router\build\getRoutesCore.js:514:5)
  validateRouteTreeExports (F:\final year project\A-Real-Time-Autonomous-Smart-Cart-System-for-Human-Retail-Shopping-Assistance\frontend\node_modules\expo-router\build\getRoutesCore.js:516:9)
  getRoutes (F:\final year project\A-Real-Time-Autonomous-Smart-Cart-System-for-Human-Retail-Shopping-Assistance\frontend\node_modules\expo-router\build\getRoutesCore.js:33:9)
  getRoutes (F:\final year project\A-Real-Time-Autonomous-Smart-Cart-System-for-Human-Retail-Shopping-Assistance\frontend\node_modules\expo-router\build\getRoutes.js:20:41)
  useStore (F:\final year project\A-Real-Time-Autonomous-Smart-Cart-System-for-Human-Retail-Shopping-Assistance\frontend\node_modules\expo-router\build\global-state\useStore.js:28:48)
  Component (F:\final year project\A-Real-Time-Autonomous-Smart-Cart-System-for-Human-Retail-Shopping-Assistance\frontend\node_modules\expo-router\build\ExpoRoot.js:122:46)
  Object.callComponentInDEV [as react_stack_bottom_frame] (F:\final year project\A-Real-Time-Autonomous-Smart-Cart-System-for-Human-Retail-Shopping-Assistance\frontend\node_modules\react-dom\cjs\react-dom-server-legacy.node.development.js:9808:18)
  renderWithHooks (F:\final year project\A-Real-Time-Autonomous-Smart-Cart-System-for-Human-Retail-Shopping-Assistance\frontend\node_modules\react-dom\cjs\react-dom-server-legacy.node.development.js:5062:19)
  run (F:\final year project\A-Real-Time-Autonomous-Smart-Cart-System-for-Human-Retail-Shopping-Assistance\frontend\node_modules\react-dom\cjs\react-dom-server-legacy.node.development.js:5497:23)
  retryNode (F:\final year project\A-Real-Time-Autonomous-Smart-Cart-System-for-Human-Retail-Shopping-Assistance\frontend\node_modules\react-dom\cjs\react-dom-server-legacy.node.development.js:6417:31)
  renderNodeDestructive (F:\final year project\A-Real-Time-Autonomous-Smart-Cart-System-for-Human-Retail-Shopping-Assistance\frontend\node_modules\react-dom\cjs\react-dom-server-legacy.node.development.js:6367:11)
  finishFunctionComponent (F:\final year project\A-Real-Time-Autonomous-Smart-Cart-System-for-Human-Retail-Shopping-Assistance\frontend\node_modules\react-dom\cjs\react-dom-server-legacy.node.development.js:5106:13)
  run (F:\final year project\A-Real-Time-Autonomous-Smart-Cart-System-for-Human-Retail-Shopping-Assistance\frontend\node_modules\react-dom\cjs\react-dom-server-legacy.node.development.js:5552:11)
  retryNode (F:\final year project\A-Real-Time-Autonomous-Smart-Cart-System-for-Human-Retail-Shopping-Assistance\frontend\node_modules\react-dom\cjs\react-dom-server-legacy.node.development.js:6417:31)
  renderNodeDestructive (F:\final year project\A-Real-Time-Autonomous-Smart-Cart-System-for-Human-Retail-Shopping-Assistance\frontend\node_modules\react-dom\cjs\react-dom-server-legacy.node.development.js:6367:11)
  finishFunctionComponent (F:\final year project\A-Real-Time-Autonomous-Smart-Cart-System-for-Human-Retail-Shopping-Assistance\frontend\node_modules\react-dom\cjs\react-dom-server-legacy.node.development.js:5106:13)
  run (F:\final year project\A-Real-Time-Autonomous-Smart-Cart-System-for-Human-Retail-Shopping-Assistance\frontend\node_modules\react-dom\cjs\react-dom-server-legacy.node.development.js:5552:11)
  retryNode (F:\final year project\A-Real-Time-Autonomous-Smart-Cart-System-for-Human-Retail-Shopping-Assistance\frontend\node_modules\react-dom\cjs\react-dom-server-legacy.node.development.js:6417:31)
  renderNodeDestructive (F:\final year project\A-Real-Time-Autonomous-Smart-Cart-System-for-Human-Retail-Shopping-Assistance\frontend\node_modules\react-dom\cjs\react-dom-server-legacy.node.development.js:6367:11)
  run (F:\final year project\A-Real-Time-Autonomous-Smart-Cart-System-for-Human-Retail-Shopping-Assistance\frontend\node_modules\react-dom\cjs\react-dom-server-legacy.node.development.js:6063:15)
  retryNode (F:\final year project\A-Real-Time-Autonomous-Smart-Cart-System-for-Human-Retail-Shopping-Assistance\frontend\node_modules\react-dom\cjs\react-dom-server-legacy.node.development.js:6417:31)
  renderNodeDestructive (F:\final year project\A-Real-Time-Autonomous-Smart-Cart-System-for-Human-Retail-Shopping-Assistance\frontend\node_modules\react-dom\cjs\react-dom-server-legacy.node.development.js:6367:11)
  run (F:\final year project\A-Real-Time-Autonomous-Smart-Cart-System-for-Human-Retail-Shopping-Assistance\frontend\node_modules\react-dom\cjs\react-dom-server-legacy.node.development.js:6063:15)
  retryNode (F:\final year project\A-Real-Time-Autonomous-Smart-Cart-System-for-Human-Retail-Shopping-Assistance\frontend\node_modules\react-dom\cjs\react-dom-server-legacy.node.development.js:6417:31)
  renderNodeDestructive (F:\final year project\A-Real-Time-Autonomous-Smart-Cart-System-for-Human-Retail-Shopping-Assistance\frontend\node_modules\react-dom\cjs\react-dom-server-legacy.node.development.js:6367:11)
  finishFunctionComponent (F:\final year project\A-Real-Time-Autonomous-Smart-Cart-System-for-Human-Retail-Shopping-Assistance\frontend\node_modules\react-dom\cjs\react-dom-server-legacy.node.development.js:5106:13)
  run (F:\final year project\A-Real-Time-Autonomous-Smart-Cart-System-for-Human-Retail-Shopping-Assistance\frontend\node_modules\react-dom\cjs\react-dom-server-legacy.node.development.js:5552:11)
  retryNode (F:\final year project\A-Real-Time-Autonomous-Smart-Cart-System-for-Human-Retail-Shopping-Assistance\frontend\node_modules\react-dom\cjs\react-dom-server-legacy.node.development.js:6417:31)
  renderNodeDestructive (F:\final year project\A-Real-Time-Autonomous-Smart-Cart-System-for-Human-Retail-Shopping-Assistance\frontend\node_modules\react-dom\cjs\react-dom-server-legacy.node.development.js:6367:11)
  run (F:\final year project\A-Real-Time-Autonomous-Smart-Cart-System-for-Human-Retail-Shopping-Assistance\frontend\node_modules\react-dom\cjs\react-dom-server-legacy.node.development.js:6063:15)
  retryNode (F:\final year project\A-Real-Time-Autonomous-Smart-Cart-System-for-Human-Retail-Shopping-Assistance\frontend\node_modules\react-dom\cjs\react-dom-server-legacy.node.development.js:6417:31)
  renderNodeDestructive (F:\final year project\A-Real-Time-Autonomous-Smart-Cart-System-for-Human-Retail-Shopping-Assistance\frontend\node_modules\react-dom\cjs\react-dom-server-legacy.node.development.js:6367:11)
  finishFunctionComponent (F:\final year project\A-Real-Time-Autonomous-Smart-Cart-System-for-Human-Retail-Shopping-Assistance\frontend\node_modules\react-dom\cjs\react-dom-server-legacy.node.development.js:5106:13)
  run (F:\final year project\A-Real-Time-Autonomous-Smart-Cart-System-for-Human-Retail-Shopping-Assistance\frontend\node_modules\react-dom\cjs\react-dom-server-legacy.node.development.js:5552:11)
  retryNode (F:\final year project\A-Real-Time-Autonomous-Smart-Cart-System-for-Human-Retail-Shopping-Assistance\frontend\node_modules\react-dom\cjs\react-dom-server-legacy.node.development.js:6417:31)
λ  WARN  "textShadow*" style props are deprecated. Use "textShadow". 
  console.logWithStack [as warn] (F:\final year project\A-Real-Time-Autonomous-Smart-Cart-System-for-Human-Retail-Shopping-Assistance\frontend\node_modules\expo\node_modules\@expo\cli\build\src\start\server\serverLogLikeMetro.js:214:27)
  warnOnce (F:\final year project\A-Real-Time-Autonomous-Smart-Cart-System-for-Human-Retail-Shopping-Assistance\frontend\node_modules\react-native-web\dist\modules\warnOnce\index.js:24:13)
  preprocess (F:\final year project\A-Real-Time-Autonomous-Smart-Cart-System-for-Human-Retail-Shopping-Assistance\frontend\node_modules\react-native-web\dist\exports\StyleSheet\preprocess.js:145:13)
  compileAndInsertAtomic (F:\final year project\A-Real-Time-Autonomous-Smart-Cart-System-for-Human-Retail-Shopping-Assistance\frontend\node_modules\react-native-web\dist\exports\StyleSheet\index.js:56:34)
  <unknown> (F:\final year project\A-Real-Time-Autonomous-Smart-Cart-System-for-Human-Retail-Shopping-Assistance\frontend\node_modules\react-native-web\dist\exports\StyleSheet\index.js:99:26)
  Function.create (F:\final year project\A-Real-Time-Autonomous-Smart-Cart-System-for-Human-Retail-Shopping-Assistance\frontend\node_modules\react-native-web\dist\exports\StyleSheet\index.js:87:23)
  factory (F:\final year project\A-Real-Time-Autonomous-Smart-Cart-System-for-Human-Retail-Shopping-Assistance\frontend\src\app\(customer)\index.tsx:457:27)
  loadModuleImplementation (F:\final year project\A-Real-Time-Autonomous-Smart-Cart-System-for-Human-Retail-Shopping-Assistance\frontend\node_modules\metro\node_modules\metro-runtime\src\polyfills\require.js:285:5)
  guardedLoadModule (F:\final year project\A-Real-Time-Autonomous-Smart-Cart-System-for-Human-Retail-Shopping-Assistance\frontend\node_modules\metro\node_modules\metro-runtime\src\polyfills\require.js:183:21)
  require (F:\final year project\A-Real-Time-Autonomous-Smart-Cart-System-for-Human-Retail-Shopping-Assistance\frontend\node_modules\metro\node_modules\metro-runtime\src\polyfills\require.js:98:7)
  Object.loadRoute (F:\final year project\A-Real-Time-Autonomous-Smart-Cart-System-for-Human-Retail-Shopping-Assistance\frontend\node_modules\expo-router\build\getRoutesCore.js:239:35)
  runtimeValidateRouteNode (F:\final year project\A-Real-Time-Autonomous-Smart-Cart-System-for-Human-Retail-Shopping-Assistance\frontend\node_modules\expo-router\build\getRoutesCore.js:503:32)
  validateRouteTreeExports (F:\final year project\A-Real-Time-Autonomous-Smart-Cart-System-for-Human-Retail-Shopping-Assistance\frontend\node_modules\expo-router\build\getRoutesCore.js:514:5)
  validateRouteTreeExports (F:\final year project\A-Real-Time-Autonomous-Smart-Cart-System-for-Human-Retail-Shopping-Assistance\frontend\node_modules\expo-router\build\getRoutesCore.js:516:9)
  validateRouteTreeExports (F:\final year project\A-Real-Time-Autonomous-Smart-Cart-System-for-Human-Retail-Shopping-Assistance\frontend\node_modules\expo-router\build\getRoutesCore.js:516:9)
  getRoutes (F:\final year project\A-Real-Time-Autonomous-Smart-Cart-System-for-Human-Retail-Shopping-Assistance\frontend\node_modules\expo-router\build\getRoutesCore.js:33:9)
  getRoutes (F:\final year project\A-Real-Time-Autonomous-Smart-Cart-System-for-Human-Retail-Shopping-Assistance\frontend\node_modules\expo-router\build\getRoutes.js:20:41)
  useStore (F:\final year project\A-Real-Time-Autonomous-Smart-Cart-System-for-Human-Retail-Shopping-Assistance\frontend\node_modules\expo-router\build\global-state\useStore.js:28:48)
  Component (F:\final year project\A-Real-Time-Autonomous-Smart-Cart-System-for-Human-Retail-Shopping-Assistance\frontend\node_modules\expo-router\build\ExpoRoot.js:122:46)
  Object.callComponentInDEV [as react_stack_bottom_frame] (F:\final year project\A-Real-Time-Autonomous-Smart-Cart-System-for-Human-Retail-Shopping-Assistance\frontend\node_modules\react-dom\cjs\react-dom-server-legacy.node.development.js:9808:18)
  renderWithHooks (F:\final year project\A-Real-Time-Autonomous-Smart-Cart-System-for-Human-Retail-Shopping-Assistance\frontend\node_modules\react-dom\cjs\react-dom-server-legacy.node.development.js:5062:19)
  run (F:\final year project\A-Real-Time-Autonomous-Smart-Cart-System-for-Human-Retail-Shopping-Assistance\frontend\node_modules\react-dom\cjs\react-dom-server-legacy.node.development.js:5497:23)
  retryNode (F:\final year project\A-Real-Time-Autonomous-Smart-Cart-System-for-Human-Retail-Shopping-Assistance\frontend\node_modules\react-dom\cjs\react-dom-server-legacy.node.development.js:6417:31)
  renderNodeDestructive (F:\final year project\A-Real-Time-Autonomous-Smart-Cart-System-for-Human-Retail-Shopping-Assistance\frontend\node_modules\react-dom\cjs\react-dom-server-legacy.node.development.js:6367:11)
  finishFunctionComponent (F:\final year project\A-Real-Time-Autonomous-Smart-Cart-System-for-Human-Retail-Shopping-Assistance\frontend\node_modules\react-dom\cjs\react-dom-server-legacy.node.development.js:5106:13)
  run (F:\final year project\A-Real-Time-Autonomous-Smart-Cart-System-for-Human-Retail-Shopping-Assistance\frontend\node_modules\react-dom\cjs\react-dom-server-legacy.node.development.js:5552:11)
  retryNode (F:\final year project\A-Real-Time-Autonomous-Smart-Cart-System-for-Human-Retail-Shopping-Assistance\frontend\node_modules\react-dom\cjs\react-dom-server-legacy.node.development.js:6417:31)
  renderNodeDestructive (F:\final year project\A-Real-Time-Autonomous-Smart-Cart-System-for-Human-Retail-Shopping-Assistance\frontend\node_modules\react-dom\cjs\react-dom-server-legacy.node.development.js:6367:11)
  finishFunctionComponent (F:\final year project\A-Real-Time-Autonomous-Smart-Cart-System-for-Human-Retail-Shopping-Assistance\frontend\node_modules\react-dom\cjs\react-dom-server-legacy.node.development.js:5106:13)
  run (F:\final year project\A-Real-Time-Autonomous-Smart-Cart-System-for-Human-Retail-Shopping-Assistance\frontend\node_modules\react-dom\cjs\react-dom-server-legacy.node.development.js:5552:11)
  retryNode (F:\final year project\A-Real-Time-Autonomous-Smart-Cart-System-for-Human-Retail-Shopping-Assistance\frontend\node_modules\react-dom\cjs\react-dom-server-legacy.node.development.js:6417:31)
  renderNodeDestructive (F:\final year project\A-Real-Time-Autonomous-Smart-Cart-System-for-Human-Retail-Shopping-Assistance\frontend\node_modules\react-dom\cjs\react-dom-server-legacy.node.development.js:6367:11)
  run (F:\final year project\A-Real-Time-Autonomous-Smart-Cart-System-for-Human-Retail-Shopping-Assistance\frontend\node_modules\react-dom\cjs\react-dom-server-legacy.node.development.js:6063:15)
  retryNode (F:\final year project\A-Real-Time-Autonomous-Smart-Cart-System-for-Human-Retail-Shopping-Assistance\frontend\node_modules\react-dom\cjs\react-dom-server-legacy.node.development.js:6417:31)
  renderNodeDestructive (F:\final year project\A-Real-Time-Autonomous-Smart-Cart-System-for-Human-Retail-Shopping-Assistance\frontend\node_modules\react-dom\cjs\react-dom-server-legacy.node.development.js:6367:11)
  run (F:\final year project\A-Real-Time-Autonomous-Smart-Cart-System-for-Human-Retail-Shopping-Assistance\frontend\node_modules\react-dom\cjs\react-dom-server-legacy.node.development.js:6063:15)
  retryNode (F:\final year project\A-Real-Time-Autonomous-Smart-Cart-System-for-Human-Retail-Shopping-Assistance\frontend\node_modules\react-dom\cjs\react-dom-server-legacy.node.development.js:6417:31)
  renderNodeDestructive (F:\final year project\A-Real-Time-Autonomous-Smart-Cart-System-for-Human-Retail-Shopping-Assistance\frontend\node_modules\react-dom\cjs\react-dom-server-legacy.node.development.js:6367:11)
  finishFunctionComponent (F:\final year project\A-Real-Time-Autonomous-Smart-Cart-System-for-Human-Retail-Shopping-Assistance\frontend\node_modules\react-dom\cjs\react-dom-server-legacy.node.development.js:5106:13)
  run (F:\final year project\A-Real-Time-Autonomous-Smart-Cart-System-for-Human-Retail-Shopping-Assistance\frontend\node_modules\react-dom\cjs\react-dom-server-legacy.node.development.js:5552:11)
  retryNode (F:\final year project\A-Real-Time-Autonomous-Smart-Cart-System-for-Human-Retail-Shopping-Assistance\frontend\node_modules\react-dom\cjs\react-dom-server-legacy.node.development.js:6417:31)
  renderNodeDestructive (F:\final year project\A-Real-Time-Autonomous-Smart-Cart-System-for-Human-Retail-Shopping-Assistance\frontend\node_modules\react-dom\cjs\react-dom-server-legacy.node.development.js:6367:11)
  run (F:\final year project\A-Real-Time-Autonomous-Smart-Cart-System-for-Human-Retail-Shopping-Assistance\frontend\node_modules\react-dom\cjs\react-dom-server-legacy.node.development.js:6063:15)
  retryNode (F:\final year project\A-Real-Time-Autonomous-Smart-Cart-System-for-Human-Retail-Shopping-Assistance\frontend\node_modules\react-dom\cjs\react-dom-server-legacy.node.development.js:6417:31)
  renderNodeDestructive (F:\final year project\A-Real-Time-Autonomous-Smart-Cart-System-for-Human-Retail-Shopping-Assistance\frontend\node_modules\react-dom\cjs\react-dom-server-legacy.node.development.js:6367:11)
  finishFunctionComponent (F:\final year project\A-Real-Time-Autonomous-Smart-Cart-System-for-Human-Retail-Shopping-Assistance\frontend\node_modules\react-dom\cjs\react-dom-server-legacy.node.development.js:5106:13)
  renderElement (F:\final year project\A-Real-Time-Autonomous-Smart-Cart-System-for-Human-Retail-Shopping-Assistance\frontend\node_modules\react-dom\cjs\react-dom-server-legacy.node.development.js:5552:11)
Web Bundled 1990ms node_modules\expo-router\entry.js (1 module)
Web Bundled 36ms node_modules\expo-router\entry.js (1 module)
Web  INFO  %cDownload the React DevTools for a better development experience: https://react.dev/link/react-devtools font-weight:bold
Web  LOG  Running application "main" with appParams:
 {"hydrate": undefined, "rootTag": "#root"} 
Development-level warnings: ON.
Performance optimizations: OFF.
Web  WARN  "shadow*" style props are deprecated. Use "boxShadow".
Web  WARN  "textShadow*" style props are deprecated. Use "textShadow".
Web  WARN  props.pointerEvents is deprecated. Use style.pointerEvents
λ Bundled 91ms node_modules\expo\node_modules\@expo\cli\node_modules\@expo\router-server\node\render.js (1 module)
λ  WARN  "shadow*" style props are deprecated. Use "boxShadow". 
  console.logWithStack [as warn] (F:\final year project\A-Real-Time-Autonomous-Smart-Cart-System-for-Human-Retail-Shopping-Assistance\frontend\node_modules\expo\node_modules\@expo\cli\build\src\start\server\serverLogLikeMetro.js:214:27)
  warnOnce (F:\final year project\A-Real-Time-Autonomous-Smart-Cart-System-for-Human-Retail-Shopping-Assistance\frontend\node_modules\react-native-web\dist\modules\warnOnce\index.js:24:13)
  preprocess (F:\final year project\A-Real-Time-Autonomous-Smart-Cart-System-for-Human-Retail-Shopping-Assistance\frontend\node_modules\react-native-web\dist\exports\StyleSheet\preprocess.js:136:13)
  compileAndInsertAtomic (F:\final year project\A-Real-Time-Autonomous-Smart-Cart-System-for-Human-Retail-Shopping-Assistance\frontend\node_modules\react-native-web\dist\exports\StyleSheet\index.js:56:34)
  <unknown> (F:\final year project\A-Real-Time-Autonomous-Smart-Cart-System-for-Human-Retail-Shopping-Assistance\frontend\node_modules\react-native-web\dist\exports\StyleSheet\index.js:99:26)
  Function.create (F:\final year project\A-Real-Time-Autonomous-Smart-Cart-System-for-Human-Retail-Shopping-Assistance\frontend\node_modules\react-native-web\dist\exports\StyleSheet\index.js:87:23)
  factory (F:\final year project\A-Real-Time-Autonomous-Smart-Cart-System-for-Human-Retail-Shopping-Assistance\frontend\src\app\index.tsx:193:27)
  loadModuleImplementation (F:\final year project\A-Real-Time-Autonomous-Smart-Cart-System-for-Human-Retail-Shopping-Assistance\frontend\node_modules\metro\node_modules\metro-runtime\src\polyfills\require.js:285:5)
  guardedLoadModule (F:\final year project\A-Real-Time-Autonomous-Smart-Cart-System-for-Human-Retail-Shopping-Assistance\frontend\node_modules\metro\node_modules\metro-runtime\src\polyfills\require.js:183:21)
  require (F:\final year project\A-Real-Time-Autonomous-Smart-Cart-System-for-Human-Retail-Shopping-Assistance\frontend\node_modules\metro\node_modules\metro-runtime\src\polyfills\require.js:98:7)
  Object.loadRoute (F:\final year project\A-Real-Time-Autonomous-Smart-Cart-System-for-Human-Retail-Shopping-Assistance\frontend\node_modules\expo-router\build\getRoutesCore.js:239:35)
  runtimeValidateRouteNode (F:\final year project\A-Real-Time-Autonomous-Smart-Cart-System-for-Human-Retail-Shopping-Assistance\frontend\node_modules\expo-router\build\getRoutesCore.js:503:32)
  validateRouteTreeExports (F:\final year project\A-Real-Time-Autonomous-Smart-Cart-System-for-Human-Retail-Shopping-Assistance\frontend\node_modules\expo-router\build\getRoutesCore.js:514:5)
  validateRouteTreeExports (F:\final year project\A-Real-Time-Autonomous-Smart-Cart-System-for-Human-Retail-Shopping-Assistance\frontend\node_modules\expo-router\build\getRoutesCore.js:516:9)
  getRoutes (F:\final year project\A-Real-Time-Autonomous-Smart-Cart-System-for-Human-Retail-Shopping-Assistance\frontend\node_modules\expo-router\build\getRoutesCore.js:33:9)
  getRoutes (F:\final year project\A-Real-Time-Autonomous-Smart-Cart-System-for-Human-Retail-Shopping-Assistance\frontend\node_modules\expo-router\build\getRoutes.js:20:41)
  useStore (F:\final year project\A-Real-Time-Autonomous-Smart-Cart-System-for-Human-Retail-Shopping-Assistance\frontend\node_modules\expo-router\build\global-state\useStore.js:28:48)
  Component (F:\final year project\A-Real-Time-Autonomous-Smart-Cart-System-for-Human-Retail-Shopping-Assistance\frontend\node_modules\expo-router\build\ExpoRoot.js:122:46)
  Object.callComponentInDEV [as react_stack_bottom_frame] (F:\final year project\A-Real-Time-Autonomous-Smart-Cart-System-for-Human-Retail-Shopping-Assistance\frontend\node_modules\react-dom\cjs\react-dom-server-legacy.node.development.js:9808:18)
  renderWithHooks (F:\final year project\A-Real-Time-Autonomous-Smart-Cart-System-for-Human-Retail-Shopping-Assistance\frontend\node_modules\react-dom\cjs\react-dom-server-legacy.node.development.js:5062:19)
  run (F:\final year project\A-Real-Time-Autonomous-Smart-Cart-System-for-Human-Retail-Shopping-Assistance\frontend\node_modules\react-dom\cjs\react-dom-server-legacy.node.development.js:5497:23)
  retryNode (F:\final year project\A-Real-Time-Autonomous-Smart-Cart-System-for-Human-Retail-Shopping-Assistance\frontend\node_modules\react-dom\cjs\react-dom-server-legacy.node.development.js:6417:31)
  renderNodeDestructive (F:\final year project\A-Real-Time-Autonomous-Smart-Cart-System-for-Human-Retail-Shopping-Assistance\frontend\node_modules\react-dom\cjs\react-dom-server-legacy.node.development.js:6367:11)
  finishFunctionComponent (F:\final year project\A-Real-Time-Autonomous-Smart-Cart-System-for-Human-Retail-Shopping-Assistance\frontend\node_modules\react-dom\cjs\react-dom-server-legacy.node.development.js:5106:13)
  run (F:\final year project\A-Real-Time-Autonomous-Smart-Cart-System-for-Human-Retail-Shopping-Assistance\frontend\node_modules\react-dom\cjs\react-dom-server-legacy.node.development.js:5552:11)
  retryNode (F:\final year project\A-Real-Time-Autonomous-Smart-Cart-System-for-Human-Retail-Shopping-Assistance\frontend\node_modules\react-dom\cjs\react-dom-server-legacy.node.development.js:6417:31)
  renderNodeDestructive (F:\final year project\A-Real-Time-Autonomous-Smart-Cart-System-for-Human-Retail-Shopping-Assistance\frontend\node_modules\react-dom\cjs\react-dom-server-legacy.node.development.js:6367:11)
  finishFunctionComponent (F:\final year project\A-Real-Time-Autonomous-Smart-Cart-System-for-Human-Retail-Shopping-Assistance\frontend\node_modules\react-dom\cjs\react-dom-server-legacy.node.development.js:5106:13)
  run (F:\final year project\A-Real-Time-Autonomous-Smart-Cart-System-for-Human-Retail-Shopping-Assistance\frontend\node_modules\react-dom\cjs\react-dom-server-legacy.node.development.js:5552:11)
  retryNode (F:\final year project\A-Real-Time-Autonomous-Smart-Cart-System-for-Human-Retail-Shopping-Assistance\frontend\node_modules\react-dom\cjs\react-dom-server-legacy.node.development.js:6417:31)
  renderNodeDestructive (F:\final year project\A-Real-Time-Autonomous-Smart-Cart-System-for-Human-Retail-Shopping-Assistance\frontend\node_modules\react-dom\cjs\react-dom-server-legacy.node.development.js:6367:11)
  run (F:\final year project\A-Real-Time-Autonomous-Smart-Cart-System-for-Human-Retail-Shopping-Assistance\frontend\node_modules\react-dom\cjs\react-dom-server-legacy.node.development.js:6063:15)
  retryNode (F:\final year project\A-Real-Time-Autonomous-Smart-Cart-System-for-Human-Retail-Shopping-Assistance\frontend\node_modules\react-dom\cjs\react-dom-server-legacy.node.development.js:6417:31)
  renderNodeDestructive (F:\final year project\A-Real-Time-Autonomous-Smart-Cart-System-for-Human-Retail-Shopping-Assistance\frontend\node_modules\react-dom\cjs\react-dom-server-legacy.node.development.js:6367:11)
  run (F:\final year project\A-Real-Time-Autonomous-Smart-Cart-System-for-Human-Retail-Shopping-Assistance\frontend\node_modules\react-dom\cjs\react-dom-server-legacy.node.development.js:6063:15)
  retryNode (F:\final year project\A-Real-Time-Autonomous-Smart-Cart-System-for-Human-Retail-Shopping-Assistance\frontend\node_modules\react-dom\cjs\react-dom-server-legacy.node.development.js:6417:31)
  renderNodeDestructive (F:\final year project\A-Real-Time-Autonomous-Smart-Cart-System-for-Human-Retail-Shopping-Assistance\frontend\node_modules\react-dom\cjs\react-dom-server-legacy.node.development.js:6367:11)
  finishFunctionComponent (F:\final year project\A-Real-Time-Autonomous-Smart-Cart-System-for-Human-Retail-Shopping-Assistance\frontend\node_modules\react-dom\cjs\react-dom-server-legacy.node.development.js:5106:13)
  run (F:\final year project\A-Real-Time-Autonomous-Smart-Cart-System-for-Human-Retail-Shopping-Assistance\frontend\node_modules\react-dom\cjs\react-dom-server-legacy.node.development.js:5552:11)
  retryNode (F:\final year project\A-Real-Time-Autonomous-Smart-Cart-System-for-Human-Retail-Shopping-Assistance\frontend\node_modules\react-dom\cjs\react-dom-server-legacy.node.development.js:6417:31)
  renderNodeDestructive (F:\final year project\A-Real-Time-Autonomous-Smart-Cart-System-for-Human-Retail-Shopping-Assistance\frontend\node_modules\react-dom\cjs\react-dom-server-legacy.node.development.js:6367:11)
  run (F:\final year project\A-Real-Time-Autonomous-Smart-Cart-System-for-Human-Retail-Shopping-Assistance\frontend\node_modules\react-dom\cjs\react-dom-server-legacy.node.development.js:6063:15)
  retryNode (F:\final year project\A-Real-Time-Autonomous-Smart-Cart-System-for-Human-Retail-Shopping-Assistance\frontend\node_modules\react-dom\cjs\react-dom-server-legacy.node.development.js:6417:31)
  renderNodeDestructive (F:\final year project\A-Real-Time-Autonomous-Smart-Cart-System-for-Human-Retail-Shopping-Assistance\frontend\node_modules\react-dom\cjs\react-dom-server-legacy.node.development.js:6367:11)
  finishFunctionComponent (F:\final year project\A-Real-Time-Autonomous-Smart-Cart-System-for-Human-Retail-Shopping-Assistance\frontend\node_modules\react-dom\cjs\react-dom-server-legacy.node.development.js:5106:13)
  run (F:\final year project\A-Real-Time-Autonomous-Smart-Cart-System-for-Human-Retail-Shopping-Assistance\frontend\node_modules\react-dom\cjs\react-dom-server-legacy.node.development.js:5552:11)
  retryNode (F:\final year project\A-Real-Time-Autonomous-Smart-Cart-System-for-Human-Retail-Shopping-Assistance\frontend\node_modules\react-dom\cjs\react-dom-server-legacy.node.development.js:6417:31)
λ  WARN  "textShadow*" style props are deprecated. Use "textShadow". 
  console.logWithStack [as warn] (F:\final year project\A-Real-Time-Autonomous-Smart-Cart-System-for-Human-Retail-Shopping-Assistance\frontend\node_modules\expo\node_modules\@expo\cli\build\src\start\server\serverLogLikeMetro.js:214:27)
  warnOnce (F:\final year project\A-Real-Time-Autonomous-Smart-Cart-System-for-Human-Retail-Shopping-Assistance\frontend\node_modules\react-native-web\dist\modules\warnOnce\index.js:24:13)
  preprocess (F:\final year project\A-Real-Time-Autonomous-Smart-Cart-System-for-Human-Retail-Shopping-Assistance\frontend\node_modules\react-native-web\dist\exports\StyleSheet\preprocess.js:145:13)
  compileAndInsertAtomic (F:\final year project\A-Real-Time-Autonomous-Smart-Cart-System-for-Human-Retail-Shopping-Assistance\frontend\node_modules\react-native-web\dist\exports\StyleSheet\index.js:56:34)
  <unknown> (F:\final year project\A-Real-Time-Autonomous-Smart-Cart-System-for-Human-Retail-Shopping-Assistance\frontend\node_modules\react-native-web\dist\exports\StyleSheet\index.js:99:26)
  Function.create (F:\final year project\A-Real-Time-Autonomous-Smart-Cart-System-for-Human-Retail-Shopping-Assistance\frontend\node_modules\react-native-web\dist\exports\StyleSheet\index.js:87:23)
  factory (F:\final year project\A-Real-Time-Autonomous-Smart-Cart-System-for-Human-Retail-Shopping-Assistance\frontend\src\app\(customer)\index.tsx:457:27)
  loadModuleImplementation (F:\final year project\A-Real-Time-Autonomous-Smart-Cart-System-for-Human-Retail-Shopping-Assistance\frontend\node_modules\metro\node_modules\metro-runtime\src\polyfills\require.js:285:5)
  guardedLoadModule (F:\final year project\A-Real-Time-Autonomous-Smart-Cart-System-for-Human-Retail-Shopping-Assistance\frontend\node_modules\metro\node_modules\metro-runtime\src\polyfills\require.js:183:21)
  require (F:\final year project\A-Real-Time-Autonomous-Smart-Cart-System-for-Human-Retail-Shopping-Assistance\frontend\node_modules\metro\node_modules\metro-runtime\src\polyfills\require.js:98:7)
  Object.loadRoute (F:\final year project\A-Real-Time-Autonomous-Smart-Cart-System-for-Human-Retail-Shopping-Assistance\frontend\node_modules\expo-router\build\getRoutesCore.js:239:35)
  runtimeValidateRouteNode (F:\final year project\A-Real-Time-Autonomous-Smart-Cart-System-for-Human-Retail-Shopping-Assistance\frontend\node_modules\expo-router\build\getRoutesCore.js:503:32)
  validateRouteTreeExports (F:\final year project\A-Real-Time-Autonomous-Smart-Cart-System-for-Human-Retail-Shopping-Assistance\frontend\node_modules\expo-router\build\getRoutesCore.js:514:5)
  validateRouteTreeExports (F:\final year project\A-Real-Time-Autonomous-Smart-Cart-System-for-Human-Retail-Shopping-Assistance\frontend\node_modules\expo-router\build\getRoutesCore.js:516:9)
  validateRouteTreeExports (F:\final year project\A-Real-Time-Autonomous-Smart-Cart-System-for-Human-Retail-Shopping-Assistance\frontend\node_modules\expo-router\build\getRoutesCore.js:516:9)
  getRoutes (F:\final year project\A-Real-Time-Autonomous-Smart-Cart-System-for-Human-Retail-Shopping-Assistance\frontend\node_modules\expo-router\build\getRoutesCore.js:33:9)
  getRoutes (F:\final year project\A-Real-Time-Autonomous-Smart-Cart-System-for-Human-Retail-Shopping-Assistance\frontend\node_modules\expo-router\build\getRoutes.js:20:41)
  useStore (F:\final year project\A-Real-Time-Autonomous-Smart-Cart-System-for-Human-Retail-Shopping-Assistance\frontend\node_modules\expo-router\build\global-state\useStore.js:28:48)
  Component (F:\final year project\A-Real-Time-Autonomous-Smart-Cart-System-for-Human-Retail-Shopping-Assistance\frontend\node_modules\expo-router\build\ExpoRoot.js:122:46)
  Object.callComponentInDEV [as react_stack_bottom_frame] (F:\final year project\A-Real-Time-Autonomous-Smart-Cart-System-for-Human-Retail-Shopping-Assistance\frontend\node_modules\react-dom\cjs\react-dom-server-legacy.node.development.js:9808:18)
  renderWithHooks (F:\final year project\A-Real-Time-Autonomous-Smart-Cart-System-for-Human-Retail-Shopping-Assistance\frontend\node_modules\react-dom\cjs\react-dom-server-legacy.node.development.js:5062:19)
  run (F:\final year project\A-Real-Time-Autonomous-Smart-Cart-System-for-Human-Retail-Shopping-Assistance\frontend\node_modules\react-dom\cjs\react-dom-server-legacy.node.development.js:5497:23)
  retryNode (F:\final year project\A-Real-Time-Autonomous-Smart-Cart-System-for-Human-Retail-Shopping-Assistance\frontend\node_modules\react-dom\cjs\react-dom-server-legacy.node.development.js:6417:31)
  renderNodeDestructive (F:\final year project\A-Real-Time-Autonomous-Smart-Cart-System-for-Human-Retail-Shopping-Assistance\frontend\node_modules\react-dom\cjs\react-dom-server-legacy.node.development.js:6367:11)
  finishFunctionComponent (F:\final year project\A-Real-Time-Autonomous-Smart-Cart-System-for-Human-Retail-Shopping-Assistance\frontend\node_modules\react-dom\cjs\react-dom-server-legacy.node.development.js:5106:13)
  run (F:\final year project\A-Real-Time-Autonomous-Smart-Cart-System-for-Human-Retail-Shopping-Assistance\frontend\node_modules\react-dom\cjs\react-dom-server-legacy.node.development.js:5552:11)
  retryNode (F:\final year project\A-Real-Time-Autonomous-Smart-Cart-System-for-Human-Retail-Shopping-Assistance\frontend\node_modules\react-dom\cjs\react-dom-server-legacy.node.development.js:6417:31)
  renderNodeDestructive (F:\final year project\A-Real-Time-Autonomous-Smart-Cart-System-for-Human-Retail-Shopping-Assistance\frontend\node_modules\react-dom\cjs\react-dom-server-legacy.node.development.js:6367:11)
  finishFunctionComponent (F:\final year project\A-Real-Time-Autonomous-Smart-Cart-System-for-Human-Retail-Shopping-Assistance\frontend\node_modules\react-dom\cjs\react-dom-server-legacy.node.development.js:5106:13)
  run (F:\final year project\A-Real-Time-Autonomous-Smart-Cart-System-for-Human-Retail-Shopping-Assistance\frontend\node_modules\react-dom\cjs\react-dom-server-legacy.node.development.js:5552:11)
  retryNode (F:\final year project\A-Real-Time-Autonomous-Smart-Cart-System-for-Human-Retail-Shopping-Assistance\frontend\node_modules\react-dom\cjs\react-dom-server-legacy.node.development.js:6417:31)
  renderNodeDestructive (F:\final year project\A-Real-Time-Autonomous-Smart-Cart-System-for-Human-Retail-Shopping-Assistance\frontend\node_modules\react-dom\cjs\react-dom-server-legacy.node.development.js:6367:11)
  run (F:\final year project\A-Real-Time-Autonomous-Smart-Cart-System-for-Human-Retail-Shopping-Assistance\frontend\node_modules\react-dom\cjs\react-dom-server-legacy.node.development.js:6063:15)
  retryNode (F:\final year project\A-Real-Time-Autonomous-Smart-Cart-System-for-Human-Retail-Shopping-Assistance\frontend\node_modules\react-dom\cjs\react-dom-server-legacy.node.development.js:6417:31)
  renderNodeDestructive (F:\final year project\A-Real-Time-Autonomous-Smart-Cart-System-for-Human-Retail-Shopping-Assistance\frontend\node_modules\react-dom\cjs\react-dom-server-legacy.node.development.js:6367:11)
  run (F:\final year project\A-Real-Time-Autonomous-Smart-Cart-System-for-Human-Retail-Shopping-Assistance\frontend\node_modules\react-dom\cjs\react-dom-server-legacy.node.development.js:6063:15)
  retryNode (F:\final year project\A-Real-Time-Autonomous-Smart-Cart-System-for-Human-Retail-Shopping-Assistance\frontend\node_modules\react-dom\cjs\react-dom-server-legacy.node.development.js:6417:31)
  renderNodeDestructive (F:\final year project\A-Real-Time-Autonomous-Smart-Cart-System-for-Human-Retail-Shopping-Assistance\frontend\node_modules\react-dom\cjs\react-dom-server-legacy.node.development.js:6367:11)
  finishFunctionComponent (F:\final year project\A-Real-Time-Autonomous-Smart-Cart-System-for-Human-Retail-Shopping-Assistance\frontend\node_modules\react-dom\cjs\react-dom-server-legacy.node.development.js:5106:13)
  run (F:\final year project\A-Real-Time-Autonomous-Smart-Cart-System-for-Human-Retail-Shopping-Assistance\frontend\node_modules\react-dom\cjs\react-dom-server-legacy.node.development.js:5552:11)
  retryNode (F:\final year project\A-Real-Time-Autonomous-Smart-Cart-System-for-Human-Retail-Shopping-Assistance\frontend\node_modules\react-dom\cjs\react-dom-server-legacy.node.development.js:6417:31)
  renderNodeDestructive (F:\final year project\A-Real-Time-Autonomous-Smart-Cart-System-for-Human-Retail-Shopping-Assistance\frontend\node_modules\react-dom\cjs\react-dom-server-legacy.node.development.js:6367:11)
  run (F:\final year project\A-Real-Time-Autonomous-Smart-Cart-System-for-Human-Retail-Shopping-Assistance\frontend\node_modules\react-dom\cjs\react-dom-server-legacy.node.development.js:6063:15)
  retryNode (F:\final year project\A-Real-Time-Autonomous-Smart-Cart-System-for-Human-Retail-Shopping-Assistance\frontend\node_modules\react-dom\cjs\react-dom-server-legacy.node.development.js:6417:31)
  renderNodeDestructive (F:\final year project\A-Real-Time-Autonomous-Smart-Cart-System-for-Human-Retail-Shopping-Assistance\frontend\node_modules\react-dom\cjs\react-dom-server-legacy.node.development.js:6367:11)
  finishFunctionComponent (F:\final year project\A-Real-Time-Autonomous-Smart-Cart-System-for-Human-Retail-Shopping-Assistance\frontend\node_modules\react-dom\cjs\react-dom-server-legacy.node.development.js:5106:13)
  renderElement (F:\final year project\A-Real-Time-Autonomous-Smart-Cart-System-for-Human-Retail-Shopping-Assistance\frontend\node_modules\react-dom\cjs\react-dom-server-legacy.node.development.js:5552:11)
Web Bundled 675ms node_modules\expo-router\entry.js (1 module)
Web Bundled 82ms node_modules\expo-router\entry.js (1 module)
Web  INFO  %cDownload the React DevTools for a better development experience: https://react.dev/link/react-devtools font-weight:bold
Web  LOG  Running application "main" with appParams:
 {"hydrate": undefined, "rootTag": "#root"} 
Development-level warnings: ON.
Performance optimizations: OFF.
Web  WARN  "shadow*" style props are deprecated. Use "boxShadow".
Web  WARN  "textShadow*" style props are deprecated. Use "textShadow".
Web  WARN  props.pointerEvents is deprecated. Use style.pointerEvents
λ Bundled 49ms node_modules\expo\node_modules\@expo\cli\node_modules\@expo\router-server\node\render.js (1 module)
λ  WARN  "shadow*" style props are deprecated. Use "boxShadow". 
  console.logWithStack [as warn] (F:\final year project\A-Real-Time-Autonomous-Smart-Cart-System-for-Human-Retail-Shopping-Assistance\frontend\node_modules\expo\node_modules\@expo\cli\build\src\start\server\serverLogLikeMetro.js:214:27)
  warnOnce (F:\final year project\A-Real-Time-Autonomous-Smart-Cart-System-for-Human-Retail-Shopping-Assistance\frontend\node_modules\react-native-web\dist\modules\warnOnce\index.js:24:13)
  preprocess (F:\final year project\A-Real-Time-Autonomous-Smart-Cart-System-for-Human-Retail-Shopping-Assistance\frontend\node_modules\react-native-web\dist\exports\StyleSheet\preprocess.js:136:13)
  compileAndInsertAtomic (F:\final year project\A-Real-Time-Autonomous-Smart-Cart-System-for-Human-Retail-Shopping-Assistance\frontend\node_modules\react-native-web\dist\exports\StyleSheet\index.js:56:34)
  <unknown> (F:\final year project\A-Real-Time-Autonomous-Smart-Cart-System-for-Human-Retail-Shopping-Assistance\frontend\node_modules\react-native-web\dist\exports\StyleSheet\index.js:99:26)
  Function.create (F:\final year project\A-Real-Time-Autonomous-Smart-Cart-System-for-Human-Retail-Shopping-Assistance\frontend\node_modules\react-native-web\dist\exports\StyleSheet\index.js:87:23)
  factory (F:\final year project\A-Real-Time-Autonomous-Smart-Cart-System-for-Human-Retail-Shopping-Assistance\frontend\src\app\index.tsx:193:27)
  loadModuleImplementation (F:\final year project\A-Real-Time-Autonomous-Smart-Cart-System-for-Human-Retail-Shopping-Assistance\frontend\node_modules\metro\node_modules\metro-runtime\src\polyfills\require.js:285:5)
  guardedLoadModule (F:\final year project\A-Real-Time-Autonomous-Smart-Cart-System-for-Human-Retail-Shopping-Assistance\frontend\node_modules\metro\node_modules\metro-runtime\src\polyfills\require.js:183:21)
  require (F:\final year project\A-Real-Time-Autonomous-Smart-Cart-System-for-Human-Retail-Shopping-Assistance\frontend\node_modules\metro\node_modules\metro-runtime\src\polyfills\require.js:98:7)
  Object.loadRoute (F:\final year project\A-Real-Time-Autonomous-Smart-Cart-System-for-Human-Retail-Shopping-Assistance\frontend\node_modules\expo-router\build\getRoutesCore.js:239:35)
  runtimeValidateRouteNode (F:\final year project\A-Real-Time-Autonomous-Smart-Cart-System-for-Human-Retail-Shopping-Assistance\frontend\node_modules\expo-router\build\getRoutesCore.js:503:32)
  validateRouteTreeExports (F:\final year project\A-Real-Time-Autonomous-Smart-Cart-System-for-Human-Retail-Shopping-Assistance\frontend\node_modules\expo-router\build\getRoutesCore.js:514:5)
  validateRouteTreeExports (F:\final year project\A-Real-Time-Autonomous-Smart-Cart-System-for-Human-Retail-Shopping-Assistance\frontend\node_modules\expo-router\build\getRoutesCore.js:516:9)
  getRoutes (F:\final year project\A-Real-Time-Autonomous-Smart-Cart-System-for-Human-Retail-Shopping-Assistance\frontend\node_modules\expo-router\build\getRoutesCore.js:33:9)
  getRoutes (F:\final year project\A-Real-Time-Autonomous-Smart-Cart-System-for-Human-Retail-Shopping-Assistance\frontend\node_modules\expo-router\build\getRoutes.js:20:41)
  useStore (F:\final year project\A-Real-Time-Autonomous-Smart-Cart-System-for-Human-Retail-Shopping-Assistance\frontend\node_modules\expo-router\build\global-state\useStore.js:28:48)
  Component (F:\final year project\A-Real-Time-Autonomous-Smart-Cart-System-for-Human-Retail-Shopping-Assistance\frontend\node_modules\expo-router\build\ExpoRoot.js:122:46)
  Object.callComponentInDEV [as react_stack_bottom_frame] (F:\final year project\A-Real-Time-Autonomous-Smart-Cart-System-for-Human-Retail-Shopping-Assistance\frontend\node_modules\react-dom\cjs\react-dom-server-legacy.node.development.js:9808:18)
  renderWithHooks (F:\final year project\A-Real-Time-Autonomous-Smart-Cart-System-for-Human-Retail-Shopping-Assistance\frontend\node_modules\react-dom\cjs\react-dom-server-legacy.node.development.js:5062:19)
  run (F:\final year project\A-Real-Time-Autonomous-Smart-Cart-System-for-Human-Retail-Shopping-Assistance\frontend\node_modules\react-dom\cjs\react-dom-server-legacy.node.development.js:5497:23)
  retryNode (F:\final year project\A-Real-Time-Autonomous-Smart-Cart-System-for-Human-Retail-Shopping-Assistance\frontend\node_modules\react-dom\cjs\react-dom-server-legacy.node.development.js:6417:31)
  renderNodeDestructive (F:\final year project\A-Real-Time-Autonomous-Smart-Cart-System-for-Human-Retail-Shopping-Assistance\frontend\node_modules\react-dom\cjs\react-dom-server-legacy.node.development.js:6367:11)
  finishFunctionComponent (F:\final year project\A-Real-Time-Autonomous-Smart-Cart-System-for-Human-Retail-Shopping-Assistance\frontend\node_modules\react-dom\cjs\react-dom-server-legacy.node.development.js:5106:13)
  run (F:\final year project\A-Real-Time-Autonomous-Smart-Cart-System-for-Human-Retail-Shopping-Assistance\frontend\node_modules\react-dom\cjs\react-dom-server-legacy.node.development.js:5552:11)
  retryNode (F:\final year project\A-Real-Time-Autonomous-Smart-Cart-System-for-Human-Retail-Shopping-Assistance\frontend\node_modules\react-dom\cjs\react-dom-server-legacy.node.development.js:6417:31)
  renderNodeDestructive (F:\final year project\A-Real-Time-Autonomous-Smart-Cart-System-for-Human-Retail-Shopping-Assistance\frontend\node_modules\react-dom\cjs\react-dom-server-legacy.node.development.js:6367:11)
  finishFunctionComponent (F:\final year project\A-Real-Time-Autonomous-Smart-Cart-System-for-Human-Retail-Shopping-Assistance\frontend\node_modules\react-dom\cjs\react-dom-server-legacy.node.development.js:5106:13)
  run (F:\final year project\A-Real-Time-Autonomous-Smart-Cart-System-for-Human-Retail-Shopping-Assistance\frontend\node_modules\react-dom\cjs\react-dom-server-legacy.node.development.js:5552:11)
  retryNode (F:\final year project\A-Real-Time-Autonomous-Smart-Cart-System-for-Human-Retail-Shopping-Assistance\frontend\node_modules\react-dom\cjs\react-dom-server-legacy.node.development.js:6417:31)
  renderNodeDestructive (F:\final year project\A-Real-Time-Autonomous-Smart-Cart-System-for-Human-Retail-Shopping-Assistance\frontend\node_modules\react-dom\cjs\react-dom-server-legacy.node.development.js:6367:11)
  run (F:\final year project\A-Real-Time-Autonomous-Smart-Cart-System-for-Human-Retail-Shopping-Assistance\frontend\node_modules\react-dom\cjs\react-dom-server-legacy.node.development.js:6063:15)
  retryNode (F:\final year project\A-Real-Time-Autonomous-Smart-Cart-System-for-Human-Retail-Shopping-Assistance\frontend\node_modules\react-dom\cjs\react-dom-server-legacy.node.development.js:6417:31)
  renderNodeDestructive (F:\final year project\A-Real-Time-Autonomous-Smart-Cart-System-for-Human-Retail-Shopping-Assistance\frontend\node_modules\react-dom\cjs\react-dom-server-legacy.node.development.js:6367:11)
  run (F:\final year project\A-Real-Time-Autonomous-Smart-Cart-System-for-Human-Retail-Shopping-Assistance\frontend\node_modules\react-dom\cjs\react-dom-server-legacy.node.development.js:6063:15)
  retryNode (F:\final year project\A-Real-Time-Autonomous-Smart-Cart-System-for-Human-Retail-Shopping-Assistance\frontend\node_modules\react-dom\cjs\react-dom-server-legacy.node.development.js:6417:31)
  renderNodeDestructive (F:\final year project\A-Real-Time-Autonomous-Smart-Cart-System-for-Human-Retail-Shopping-Assistance\frontend\node_modules\react-dom\cjs\react-dom-server-legacy.node.development.js:6367:11)
  finishFunctionComponent (F:\final year project\A-Real-Time-Autonomous-Smart-Cart-System-for-Human-Retail-Shopping-Assistance\frontend\node_modules\react-dom\cjs\react-dom-server-legacy.node.development.js:5106:13)
  run (F:\final year project\A-Real-Time-Autonomous-Smart-Cart-System-for-Human-Retail-Shopping-Assistance\frontend\node_modules\react-dom\cjs\react-dom-server-legacy.node.development.js:5552:11)
  retryNode (F:\final year project\A-Real-Time-Autonomous-Smart-Cart-System-for-Human-Retail-Shopping-Assistance\frontend\node_modules\react-dom\cjs\react-dom-server-legacy.node.development.js:6417:31)
  renderNodeDestructive (F:\final year project\A-Real-Time-Autonomous-Smart-Cart-System-for-Human-Retail-Shopping-Assistance\frontend\node_modules\react-dom\cjs\react-dom-server-legacy.node.development.js:6367:11)
  run (F:\final year project\A-Real-Time-Autonomous-Smart-Cart-System-for-Human-Retail-Shopping-Assistance\frontend\node_modules\react-dom\cjs\react-dom-server-legacy.node.development.js:6063:15)
  retryNode (F:\final year project\A-Real-Time-Autonomous-Smart-Cart-System-for-Human-Retail-Shopping-Assistance\frontend\node_modules\react-dom\cjs\react-dom-server-legacy.node.development.js:6417:31)
  renderNodeDestructive (F:\final year project\A-Real-Time-Autonomous-Smart-Cart-System-for-Human-Retail-Shopping-Assistance\frontend\node_modules\react-dom\cjs\react-dom-server-legacy.node.development.js:6367:11)
  finishFunctionComponent (F:\final year project\A-Real-Time-Autonomous-Smart-Cart-System-for-Human-Retail-Shopping-Assistance\frontend\node_modules\react-dom\cjs\react-dom-server-legacy.node.development.js:5106:13)
  run (F:\final year project\A-Real-Time-Autonomous-Smart-Cart-System-for-Human-Retail-Shopping-Assistance\frontend\node_modules\react-dom\cjs\react-dom-server-legacy.node.development.js:5552:11)
  retryNode (F:\final year project\A-Real-Time-Autonomous-Smart-Cart-System-for-Human-Retail-Shopping-Assistance\frontend\node_modules\react-dom\cjs\react-dom-server-legacy.node.development.js:6417:31)
λ  WARN  "textShadow*" style props are deprecated. Use "textShadow". 
  console.logWithStack [as warn] (F:\final year project\A-Real-Time-Autonomous-Smart-Cart-System-for-Human-Retail-Shopping-Assistance\frontend\node_modules\expo\node_modules\@expo\cli\build\src\start\server\serverLogLikeMetro.js:214:27)
  warnOnce (F:\final year project\A-Real-Time-Autonomous-Smart-Cart-System-for-Human-Retail-Shopping-Assistance\frontend\node_modules\react-native-web\dist\modules\warnOnce\index.js:24:13)
  preprocess (F:\final year project\A-Real-Time-Autonomous-Smart-Cart-System-for-Human-Retail-Shopping-Assistance\frontend\node_modules\react-native-web\dist\exports\StyleSheet\preprocess.js:145:13)
  compileAndInsertAtomic (F:\final year project\A-Real-Time-Autonomous-Smart-Cart-System-for-Human-Retail-Shopping-Assistance\frontend\node_modules\react-native-web\dist\exports\StyleSheet\index.js:56:34)
  <unknown> (F:\final year project\A-Real-Time-Autonomous-Smart-Cart-System-for-Human-Retail-Shopping-Assistance\frontend\node_modules\react-native-web\dist\exports\StyleSheet\index.js:99:26)
  Function.create (F:\final year project\A-Real-Time-Autonomous-Smart-Cart-System-for-Human-Retail-Shopping-Assistance\frontend\node_modules\react-native-web\dist\exports\StyleSheet\index.js:87:23)
  factory (F:\final year project\A-Real-Time-Autonomous-Smart-Cart-System-for-Human-Retail-Shopping-Assistance\frontend\src\app\(customer)\index.tsx:457:27)
  loadModuleImplementation (F:\final year project\A-Real-Time-Autonomous-Smart-Cart-System-for-Human-Retail-Shopping-Assistance\frontend\node_modules\metro\node_modules\metro-runtime\src\polyfills\require.js:285:5)
  guardedLoadModule (F:\final year project\A-Real-Time-Autonomous-Smart-Cart-System-for-Human-Retail-Shopping-Assistance\frontend\node_modules\metro\node_modules\metro-runtime\src\polyfills\require.js:183:21)
  require (F:\final year project\A-Real-Time-Autonomous-Smart-Cart-System-for-Human-Retail-Shopping-Assistance\frontend\node_modules\metro\node_modules\metro-runtime\src\polyfills\require.js:98:7)
  Object.loadRoute (F:\final year project\A-Real-Time-Autonomous-Smart-Cart-System-for-Human-Retail-Shopping-Assistance\frontend\node_modules\expo-router\build\getRoutesCore.js:239:35)
  runtimeValidateRouteNode (F:\final year project\A-Real-Time-Autonomous-Smart-Cart-System-for-Human-Retail-Shopping-Assistance\frontend\node_modules\expo-router\build\getRoutesCore.js:503:32)
  validateRouteTreeExports (F:\final year project\A-Real-Time-Autonomous-Smart-Cart-System-for-Human-Retail-Shopping-Assistance\frontend\node_modules\expo-router\build\getRoutesCore.js:514:5)
  validateRouteTreeExports (F:\final year project\A-Real-Time-Autonomous-Smart-Cart-System-for-Human-Retail-Shopping-Assistance\frontend\node_modules\expo-router\build\getRoutesCore.js:516:9)
  validateRouteTreeExports (F:\final year project\A-Real-Time-Autonomous-Smart-Cart-System-for-Human-Retail-Shopping-Assistance\frontend\node_modules\expo-router\build\getRoutesCore.js:516:9)
  getRoutes (F:\final year project\A-Real-Time-Autonomous-Smart-Cart-System-for-Human-Retail-Shopping-Assistance\frontend\node_modules\expo-router\build\getRoutesCore.js:33:9)
  getRoutes (F:\final year project\A-Real-Time-Autonomous-Smart-Cart-System-for-Human-Retail-Shopping-Assistance\frontend\node_modules\expo-router\build\getRoutes.js:20:41)
  useStore (F:\final year project\A-Real-Time-Autonomous-Smart-Cart-System-for-Human-Retail-Shopping-Assistance\frontend\node_modules\expo-router\build\global-state\useStore.js:28:48)
  Component (F:\final year project\A-Real-Time-Autonomous-Smart-Cart-System-for-Human-Retail-Shopping-Assistance\frontend\node_modules\expo-router\build\ExpoRoot.js:122:46)
  Object.callComponentInDEV [as react_stack_bottom_frame] (F:\final year project\A-Real-Time-Autonomous-Smart-Cart-System-for-Human-Retail-Shopping-Assistance\frontend\node_modules\react-dom\cjs\react-dom-server-legacy.node.development.js:9808:18)
  renderWithHooks (F:\final year project\A-Real-Time-Autonomous-Smart-Cart-System-for-Human-Retail-Shopping-Assistance\frontend\node_modules\react-dom\cjs\react-dom-server-legacy.node.development.js:5062:19)
  run (F:\final year project\A-Real-Time-Autonomous-Smart-Cart-System-for-Human-Retail-Shopping-Assistance\frontend\node_modules\react-dom\cjs\react-dom-server-legacy.node.development.js:5497:23)
  retryNode (F:\final year project\A-Real-Time-Autonomous-Smart-Cart-System-for-Human-Retail-Shopping-Assistance\frontend\node_modules\react-dom\cjs\react-dom-server-legacy.node.development.js:6417:31)
  renderNodeDestructive (F:\final year project\A-Real-Time-Autonomous-Smart-Cart-System-for-Human-Retail-Shopping-Assistance\frontend\node_modules\react-dom\cjs\react-dom-server-legacy.node.development.js:6367:11)
  finishFunctionComponent (F:\final year project\A-Real-Time-Autonomous-Smart-Cart-System-for-Human-Retail-Shopping-Assistance\frontend\node_modules\react-dom\cjs\react-dom-server-legacy.node.development.js:5106:13)
  run (F:\final year project\A-Real-Time-Autonomous-Smart-Cart-System-for-Human-Retail-Shopping-Assistance\frontend\node_modules\react-dom\cjs\react-dom-server-legacy.node.development.js:5552:11)
  retryNode (F:\final year project\A-Real-Time-Autonomous-Smart-Cart-System-for-Human-Retail-Shopping-Assistance\frontend\node_modules\react-dom\cjs\react-dom-server-legacy.node.development.js:6417:31)
  renderNodeDestructive (F:\final year project\A-Real-Time-Autonomous-Smart-Cart-System-for-Human-Retail-Shopping-Assistance\frontend\node_modules\react-dom\cjs\react-dom-server-legacy.node.development.js:6367:11)
  finishFunctionComponent (F:\final year project\A-Real-Time-Autonomous-Smart-Cart-System-for-Human-Retail-Shopping-Assistance\frontend\node_modules\react-dom\cjs\react-dom-server-legacy.node.development.js:5106:13)
  run (F:\final year project\A-Real-Time-Autonomous-Smart-Cart-System-for-Human-Retail-Shopping-Assistance\frontend\node_modules\react-dom\cjs\react-dom-server-legacy.node.development.js:5552:11)
  retryNode (F:\final year project\A-Real-Time-Autonomous-Smart-Cart-System-for-Human-Retail-Shopping-Assistance\frontend\node_modules\react-dom\cjs\react-dom-server-legacy.node.development.js:6417:31)
  renderNodeDestructive (F:\final year project\A-Real-Time-Autonomous-Smart-Cart-System-for-Human-Retail-Shopping-Assistance\frontend\node_modules\react-dom\cjs\react-dom-server-legacy.node.development.js:6367:11)
  run (F:\final year project\A-Real-Time-Autonomous-Smart-Cart-System-for-Human-Retail-Shopping-Assistance\frontend\node_modules\react-dom\cjs\react-dom-server-legacy.node.development.js:6063:15)
  retryNode (F:\final year project\A-Real-Time-Autonomous-Smart-Cart-System-for-Human-Retail-Shopping-Assistance\frontend\node_modules\react-dom\cjs\react-dom-server-legacy.node.development.js:6417:31)
  renderNodeDestructive (F:\final year project\A-Real-Time-Autonomous-Smart-Cart-System-for-Human-Retail-Shopping-Assistance\frontend\node_modules\react-dom\cjs\react-dom-server-legacy.node.development.js:6367:11)
  run (F:\final year project\A-Real-Time-Autonomous-Smart-Cart-System-for-Human-Retail-Shopping-Assistance\frontend\node_modules\react-dom\cjs\react-dom-server-legacy.node.development.js:6063:15)
  retryNode (F:\final year project\A-Real-Time-Autonomous-Smart-Cart-System-for-Human-Retail-Shopping-Assistance\frontend\node_modules\react-dom\cjs\react-dom-server-legacy.node.development.js:6417:31)
  renderNodeDestructive (F:\final year project\A-Real-Time-Autonomous-Smart-Cart-System-for-Human-Retail-Shopping-Assistance\frontend\node_modules\react-dom\cjs\react-dom-server-legacy.node.development.js:6367:11)
  finishFunctionComponent (F:\final year project\A-Real-Time-Autonomous-Smart-Cart-System-for-Human-Retail-Shopping-Assistance\frontend\node_modules\react-dom\cjs\react-dom-server-legacy.node.development.js:5106:13)
  run (F:\final year project\A-Real-Time-Autonomous-Smart-Cart-System-for-Human-Retail-Shopping-Assistance\frontend\node_modules\react-dom\cjs\react-dom-server-legacy.node.development.js:5552:11)
  retryNode (F:\final year project\A-Real-Time-Autonomous-Smart-Cart-System-for-Human-Retail-Shopping-Assistance\frontend\node_modules\react-dom\cjs\react-dom-server-legacy.node.development.js:6417:31)
  renderNodeDestructive (F:\final year project\A-Real-Time-Autonomous-Smart-Cart-System-for-Human-Retail-Shopping-Assistance\frontend\node_modules\react-dom\cjs\react-dom-server-legacy.node.development.js:6367:11)
  run (F:\final year project\A-Real-Time-Autonomous-Smart-Cart-System-for-Human-Retail-Shopping-Assistance\frontend\node_modules\react-dom\cjs\react-dom-server-legacy.node.development.js:6063:15)
  retryNode (F:\final year project\A-Real-Time-Autonomous-Smart-Cart-System-for-Human-Retail-Shopping-Assistance\frontend\node_modules\react-dom\cjs\react-dom-server-legacy.node.development.js:6417:31)
  renderNodeDestructive (F:\final year project\A-Real-Time-Autonomous-Smart-Cart-System-for-Human-Retail-Shopping-Assistance\frontend\node_modules\react-dom\cjs\react-dom-server-legacy.node.development.js:6367:11)
  finishFunctionComponent (F:\final year project\A-Real-Time-Autonomous-Smart-Cart-System-for-Human-Retail-Shopping-Assistance\frontend\node_modules\react-dom\cjs\react-dom-server-legacy.node.development.js:5106:13)
  renderElement (F:\final year project\A-Real-Time-Autonomous-Smart-Cart-System-for-Human-Retail-Shopping-Assistance\frontend\node_modules\react-dom\cjs\react-dom-server-legacy.node.development.js:5552:11)
Web Bundled 714ms node_modules\expo-router\entry.js (1 module)
Web Bundled 70ms node_modules\expo-router\entry.js (1 module)
λ Bundled 57ms node_modules\expo\node_modules\@expo\cli\node_modules\@expo\router-server\node\render.js (1 module)
λ  WARN  "shadow*" style props are deprecated. Use "boxShadow". 
  console.logWithStack [as warn] (F:\final year project\A-Real-Time-Autonomous-Smart-Cart-System-for-Human-Retail-Shopping-Assistance\frontend\node_modules\expo\node_modules\@expo\cli\build\src\start\server\serverLogLikeMetro.js:214:27)
  warnOnce (F:\final year project\A-Real-Time-Autonomous-Smart-Cart-System-for-Human-Retail-Shopping-Assistance\frontend\node_modules\react-native-web\dist\modules\warnOnce\index.js:24:13)
  preprocess (F:\final year project\A-Real-Time-Autonomous-Smart-Cart-System-for-Human-Retail-Shopping-Assistance\frontend\node_modules\react-native-web\dist\exports\StyleSheet\preprocess.js:136:13)
  compileAndInsertAtomic (F:\final year project\A-Real-Time-Autonomous-Smart-Cart-System-for-Human-Retail-Shopping-Assistance\frontend\node_modules\react-native-web\dist\exports\StyleSheet\index.js:56:34)
  <unknown> (F:\final year project\A-Real-Time-Autonomous-Smart-Cart-System-for-Human-Retail-Shopping-Assistance\frontend\node_modules\react-native-web\dist\exports\StyleSheet\index.js:99:26)
  Function.create (F:\final year project\A-Real-Time-Autonomous-Smart-Cart-System-for-Human-Retail-Shopping-Assistance\frontend\node_modules\react-native-web\dist\exports\StyleSheet\index.js:87:23)
  factory (F:\final year project\A-Real-Time-Autonomous-Smart-Cart-System-for-Human-Retail-Shopping-Assistance\frontend\src\app\index.tsx:193:27)
  loadModuleImplementation (F:\final year project\A-Real-Time-Autonomous-Smart-Cart-System-for-Human-Retail-Shopping-Assistance\frontend\node_modules\metro\node_modules\metro-runtime\src\polyfills\require.js:285:5)
  guardedLoadModule (F:\final year project\A-Real-Time-Autonomous-Smart-Cart-System-for-Human-Retail-Shopping-Assistance\frontend\node_modules\metro\node_modules\metro-runtime\src\polyfills\require.js:183:21)
  require (F:\final year project\A-Real-Time-Autonomous-Smart-Cart-System-for-Human-Retail-Shopping-Assistance\frontend\node_modules\metro\node_modules\metro-runtime\src\polyfills\require.js:98:7)
  Object.loadRoute (F:\final year project\A-Real-Time-Autonomous-Smart-Cart-System-for-Human-Retail-Shopping-Assistance\frontend\node_modules\expo-router\build\getRoutesCore.js:239:35)
  runtimeValidateRouteNode (F:\final year project\A-Real-Time-Autonomous-Smart-Cart-System-for-Human-Retail-Shopping-Assistance\frontend\node_modules\expo-router\build\getRoutesCore.js:503:32)
  validateRouteTreeExports (F:\final year project\A-Real-Time-Autonomous-Smart-Cart-System-for-Human-Retail-Shopping-Assistance\frontend\node_modules\expo-router\build\getRoutesCore.js:514:5)
  validateRouteTreeExports (F:\final year project\A-Real-Time-Autonomous-Smart-Cart-System-for-Human-Retail-Shopping-Assistance\frontend\node_modules\expo-router\build\getRoutesCore.js:516:9)
  getRoutes (F:\final year project\A-Real-Time-Autonomous-Smart-Cart-System-for-Human-Retail-Shopping-Assistance\frontend\node_modules\expo-router\build\getRoutesCore.js:33:9)
  getRoutes (F:\final year project\A-Real-Time-Autonomous-Smart-Cart-System-for-Human-Retail-Shopping-Assistance\frontend\node_modules\expo-router\build\getRoutes.js:20:41)
  useStore (F:\final year project\A-Real-Time-Autonomous-Smart-Cart-System-for-Human-Retail-Shopping-Assistance\frontend\node_modules\expo-router\build\global-state\useStore.js:28:48)
  Component (F:\final year project\A-Real-Time-Autonomous-Smart-Cart-System-for-Human-Retail-Shopping-Assistance\frontend\node_modules\expo-router\build\ExpoRoot.js:122:46)
  Object.callComponentInDEV [as react_stack_bottom_frame] (F:\final year project\A-Real-Time-Autonomous-Smart-Cart-System-for-Human-Retail-Shopping-Assistance\frontend\node_modules\react-dom\cjs\react-dom-server-legacy.node.development.js:9808:18)
  renderWithHooks (F:\final year project\A-Real-Time-Autonomous-Smart-Cart-System-for-Human-Retail-Shopping-Assistance\frontend\node_modules\react-dom\cjs\react-dom-server-legacy.node.development.js:5062:19)
  run (F:\final year project\A-Real-Time-Autonomous-Smart-Cart-System-for-Human-Retail-Shopping-Assistance\frontend\node_modules\react-dom\cjs\react-dom-server-legacy.node.development.js:5497:23)
  retryNode (F:\final year project\A-Real-Time-Autonomous-Smart-Cart-System-for-Human-Retail-Shopping-Assistance\frontend\node_modules\react-dom\cjs\react-dom-server-legacy.node.development.js:6417:31)
  renderNodeDestructive (F:\final year project\A-Real-Time-Autonomous-Smart-Cart-System-for-Human-Retail-Shopping-Assistance\frontend\node_modules\react-dom\cjs\react-dom-server-legacy.node.development.js:6367:11)
  finishFunctionComponent (F:\final year project\A-Real-Time-Autonomous-Smart-Cart-System-for-Human-Retail-Shopping-Assistance\frontend\node_modules\react-dom\cjs\react-dom-server-legacy.node.development.js:5106:13)
  run (F:\final year project\A-Real-Time-Autonomous-Smart-Cart-System-for-Human-Retail-Shopping-Assistance\frontend\node_modules\react-dom\cjs\react-dom-server-legacy.node.development.js:5552:11)
  retryNode (F:\final year project\A-Real-Time-Autonomous-Smart-Cart-System-for-Human-Retail-Shopping-Assistance\frontend\node_modules\react-dom\cjs\react-dom-server-legacy.node.development.js:6417:31)
  renderNodeDestructive (F:\final year project\A-Real-Time-Autonomous-Smart-Cart-System-for-Human-Retail-Shopping-Assistance\frontend\node_modules\react-dom\cjs\react-dom-server-legacy.node.development.js:6367:11)
  finishFunctionComponent (F:\final year project\A-Real-Time-Autonomous-Smart-Cart-System-for-Human-Retail-Shopping-Assistance\frontend\node_modules\react-dom\cjs\react-dom-server-legacy.node.development.js:5106:13)
  run (F:\final year project\A-Real-Time-Autonomous-Smart-Cart-System-for-Human-Retail-Shopping-Assistance\frontend\node_modules\react-dom\cjs\react-dom-server-legacy.node.development.js:5552:11)
  retryNode (F:\final year project\A-Real-Time-Autonomous-Smart-Cart-System-for-Human-Retail-Shopping-Assistance\frontend\node_modules\react-dom\cjs\react-dom-server-legacy.node.development.js:6417:31)
  renderNodeDestructive (F:\final year project\A-Real-Time-Autonomous-Smart-Cart-System-for-Human-Retail-Shopping-Assistance\frontend\node_modules\react-dom\cjs\react-dom-server-legacy.node.development.js:6367:11)
  run (F:\final year project\A-Real-Time-Autonomous-Smart-Cart-System-for-Human-Retail-Shopping-Assistance\frontend\node_modules\react-dom\cjs\react-dom-server-legacy.node.development.js:6063:15)
  retryNode (F:\final year project\A-Real-Time-Autonomous-Smart-Cart-System-for-Human-Retail-Shopping-Assistance\frontend\node_modules\react-dom\cjs\react-dom-server-legacy.node.development.js:6417:31)
  renderNodeDestructive (F:\final year project\A-Real-Time-Autonomous-Smart-Cart-System-for-Human-Retail-Shopping-Assistance\frontend\node_modules\react-dom\cjs\react-dom-server-legacy.node.development.js:6367:11)
  run (F:\final year project\A-Real-Time-Autonomous-Smart-Cart-System-for-Human-Retail-Shopping-Assistance\frontend\node_modules\react-dom\cjs\react-dom-server-legacy.node.development.js:6063:15)
  retryNode (F:\final year project\A-Real-Time-Autonomous-Smart-Cart-System-for-Human-Retail-Shopping-Assistance\frontend\node_modules\react-dom\cjs\react-dom-server-legacy.node.development.js:6417:31)
  renderNodeDestructive (F:\final year project\A-Real-Time-Autonomous-Smart-Cart-System-for-Human-Retail-Shopping-Assistance\frontend\node_modules\react-dom\cjs\react-dom-server-legacy.node.development.js:6367:11)
  finishFunctionComponent (F:\final year project\A-Real-Time-Autonomous-Smart-Cart-System-for-Human-Retail-Shopping-Assistance\frontend\node_modules\react-dom\cjs\react-dom-server-legacy.node.development.js:5106:13)
  run (F:\final year project\A-Real-Time-Autonomous-Smart-Cart-System-for-Human-Retail-Shopping-Assistance\frontend\node_modules\react-dom\cjs\react-dom-server-legacy.node.development.js:5552:11)
  retryNode (F:\final year project\A-Real-Time-Autonomous-Smart-Cart-System-for-Human-Retail-Shopping-Assistance\frontend\node_modules\react-dom\cjs\react-dom-server-legacy.node.development.js:6417:31)
  renderNodeDestructive (F:\final year project\A-Real-Time-Autonomous-Smart-Cart-System-for-Human-Retail-Shopping-Assistance\frontend\node_modules\react-dom\cjs\react-dom-server-legacy.node.development.js:6367:11)
  run (F:\final year project\A-Real-Time-Autonomous-Smart-Cart-System-for-Human-Retail-Shopping-Assistance\frontend\node_modules\react-dom\cjs\react-dom-server-legacy.node.development.js:6063:15)
  retryNode (F:\final year project\A-Real-Time-Autonomous-Smart-Cart-System-for-Human-Retail-Shopping-Assistance\frontend\node_modules\react-dom\cjs\react-dom-server-legacy.node.development.js:6417:31)
  renderNodeDestructive (F:\final year project\A-Real-Time-Autonomous-Smart-Cart-System-for-Human-Retail-Shopping-Assistance\frontend\node_modules\react-dom\cjs\react-dom-server-legacy.node.development.js:6367:11)
  finishFunctionComponent (F:\final year project\A-Real-Time-Autonomous-Smart-Cart-System-for-Human-Retail-Shopping-Assistance\frontend\node_modules\react-dom\cjs\react-dom-server-legacy.node.development.js:5106:13)
  run (F:\final year project\A-Real-Time-Autonomous-Smart-Cart-System-for-Human-Retail-Shopping-Assistance\frontend\node_modules\react-dom\cjs\react-dom-server-legacy.node.development.js:5552:11)
  retryNode (F:\final year project\A-Real-Time-Autonomous-Smart-Cart-System-for-Human-Retail-Shopping-Assistance\frontend\node_modules\react-dom\cjs\react-dom-server-legacy.node.development.js:6417:31)
λ  WARN  "textShadow*" style props are deprecated. Use "textShadow". 
  console.logWithStack [as warn] (F:\final year project\A-Real-Time-Autonomous-Smart-Cart-System-for-Human-Retail-Shopping-Assistance\frontend\node_modules\expo\node_modules\@expo\cli\build\src\start\server\serverLogLikeMetro.js:214:27)
  warnOnce (F:\final year project\A-Real-Time-Autonomous-Smart-Cart-System-for-Human-Retail-Shopping-Assistance\frontend\node_modules\react-native-web\dist\modules\warnOnce\index.js:24:13)
  preprocess (F:\final year project\A-Real-Time-Autonomous-Smart-Cart-System-for-Human-Retail-Shopping-Assistance\frontend\node_modules\react-native-web\dist\exports\StyleSheet\preprocess.js:145:13)
  compileAndInsertAtomic (F:\final year project\A-Real-Time-Autonomous-Smart-Cart-System-for-Human-Retail-Shopping-Assistance\frontend\node_modules\react-native-web\dist\exports\StyleSheet\index.js:56:34)
  <unknown> (F:\final year project\A-Real-Time-Autonomous-Smart-Cart-System-for-Human-Retail-Shopping-Assistance\frontend\node_modules\react-native-web\dist\exports\StyleSheet\index.js:99:26)
  Function.create (F:\final year project\A-Real-Time-Autonomous-Smart-Cart-System-for-Human-Retail-Shopping-Assistance\frontend\node_modules\react-native-web\dist\exports\StyleSheet\index.js:87:23)
  factory (F:\final year project\A-Real-Time-Autonomous-Smart-Cart-System-for-Human-Retail-Shopping-Assistance\frontend\src\app\(customer)\index.tsx:457:27)
  loadModuleImplementation (F:\final year project\A-Real-Time-Autonomous-Smart-Cart-System-for-Human-Retail-Shopping-Assistance\frontend\node_modules\metro\node_modules\metro-runtime\src\polyfills\require.js:285:5)
  guardedLoadModule (F:\final year project\A-Real-Time-Autonomous-Smart-Cart-System-for-Human-Retail-Shopping-Assistance\frontend\node_modules\metro\node_modules\metro-runtime\src\polyfills\require.js:183:21)
  require (F:\final year project\A-Real-Time-Autonomous-Smart-Cart-System-for-Human-Retail-Shopping-Assistance\frontend\node_modules\metro\node_modules\metro-runtime\src\polyfills\require.js:98:7)
  Object.loadRoute (F:\final year project\A-Real-Time-Autonomous-Smart-Cart-System-for-Human-Retail-Shopping-Assistance\frontend\node_modules\expo-router\build\getRoutesCore.js:239:35)
  runtimeValidateRouteNode (F:\final year project\A-Real-Time-Autonomous-Smart-Cart-System-for-Human-Retail-Shopping-Assistance\frontend\node_modules\expo-router\build\getRoutesCore.js:503:32)
  validateRouteTreeExports (F:\final year project\A-Real-Time-Autonomous-Smart-Cart-System-for-Human-Retail-Shopping-Assistance\frontend\node_modules\expo-router\build\getRoutesCore.js:514:5)
  validateRouteTreeExports (F:\final year project\A-Real-Time-Autonomous-Smart-Cart-System-for-Human-Retail-Shopping-Assistance\frontend\node_modules\expo-router\build\getRoutesCore.js:516:9)
  validateRouteTreeExports (F:\final year project\A-Real-Time-Autonomous-Smart-Cart-System-for-Human-Retail-Shopping-Assistance\frontend\node_modules\expo-router\build\getRoutesCore.js:516:9)
  getRoutes (F:\final year project\A-Real-Time-Autonomous-Smart-Cart-System-for-Human-Retail-Shopping-Assistance\frontend\node_modules\expo-router\build\getRoutesCore.js:33:9)
  getRoutes (F:\final year project\A-Real-Time-Autonomous-Smart-Cart-System-for-Human-Retail-Shopping-Assistance\frontend\node_modules\expo-router\build\getRoutes.js:20:41)
  useStore (F:\final year project\A-Real-Time-Autonomous-Smart-Cart-System-for-Human-Retail-Shopping-Assistance\frontend\node_modules\expo-router\build\global-state\useStore.js:28:48)
  Component (F:\final year project\A-Real-Time-Autonomous-Smart-Cart-System-for-Human-Retail-Shopping-Assistance\frontend\node_modules\expo-router\build\ExpoRoot.js:122:46)
  Object.callComponentInDEV [as react_stack_bottom_frame] (F:\final year project\A-Real-Time-Autonomous-Smart-Cart-System-for-Human-Retail-Shopping-Assistance\frontend\node_modules\react-dom\cjs\react-dom-server-legacy.node.development.js:9808:18)
  renderWithHooks (F:\final year project\A-Real-Time-Autonomous-Smart-Cart-System-for-Human-Retail-Shopping-Assistance\frontend\node_modules\react-dom\cjs\react-dom-server-legacy.node.development.js:5062:19)
  run (F:\final year project\A-Real-Time-Autonomous-Smart-Cart-System-for-Human-Retail-Shopping-Assistance\frontend\node_modules\react-dom\cjs\react-dom-server-legacy.node.development.js:5497:23)
  retryNode (F:\final year project\A-Real-Time-Autonomous-Smart-Cart-System-for-Human-Retail-Shopping-Assistance\frontend\node_modules\react-dom\cjs\react-dom-server-legacy.node.development.js:6417:31)
  renderNodeDestructive (F:\final year project\A-Real-Time-Autonomous-Smart-Cart-System-for-Human-Retail-Shopping-Assistance\frontend\node_modules\react-dom\cjs\react-dom-server-legacy.node.development.js:6367:11)
  finishFunctionComponent (F:\final year project\A-Real-Time-Autonomous-Smart-Cart-System-for-Human-Retail-Shopping-Assistance\frontend\node_modules\react-dom\cjs\react-dom-server-legacy.node.development.js:5106:13)
  run (F:\final year project\A-Real-Time-Autonomous-Smart-Cart-System-for-Human-Retail-Shopping-Assistance\frontend\node_modules\react-dom\cjs\react-dom-server-legacy.node.development.js:5552:11)
  retryNode (F:\final year project\A-Real-Time-Autonomous-Smart-Cart-System-for-Human-Retail-Shopping-Assistance\frontend\node_modules\react-dom\cjs\react-dom-server-legacy.node.development.js:6417:31)
  renderNodeDestructive (F:\final year project\A-Real-Time-Autonomous-Smart-Cart-System-for-Human-Retail-Shopping-Assistance\frontend\node_modules\react-dom\cjs\react-dom-server-legacy.node.development.js:6367:11)
  finishFunctionComponent (F:\final year project\A-Real-Time-Autonomous-Smart-Cart-System-for-Human-Retail-Shopping-Assistance\frontend\node_modules\react-dom\cjs\react-dom-server-legacy.node.development.js:5106:13)
  run (F:\final year project\A-Real-Time-Autonomous-Smart-Cart-System-for-Human-Retail-Shopping-Assistance\frontend\node_modules\react-dom\cjs\react-dom-server-legacy.node.development.js:5552:11)
  retryNode (F:\final year project\A-Real-Time-Autonomous-Smart-Cart-System-for-Human-Retail-Shopping-Assistance\frontend\node_modules\react-dom\cjs\react-dom-server-legacy.node.development.js:6417:31)
  renderNodeDestructive (F:\final year project\A-Real-Time-Autonomous-Smart-Cart-System-for-Human-Retail-Shopping-Assistance\frontend\node_modules\react-dom\cjs\react-dom-server-legacy.node.development.js:6367:11)
  run (F:\final year project\A-Real-Time-Autonomous-Smart-Cart-System-for-Human-Retail-Shopping-Assistance\frontend\node_modules\react-dom\cjs\react-dom-server-legacy.node.development.js:6063:15)
  retryNode (F:\final year project\A-Real-Time-Autonomous-Smart-Cart-System-for-Human-Retail-Shopping-Assistance\frontend\node_modules\react-dom\cjs\react-dom-server-legacy.node.development.js:6417:31)
  renderNodeDestructive (F:\final year project\A-Real-Time-Autonomous-Smart-Cart-System-for-Human-Retail-Shopping-Assistance\frontend\node_modules\react-dom\cjs\react-dom-server-legacy.node.development.js:6367:11)
  run (F:\final year project\A-Real-Time-Autonomous-Smart-Cart-System-for-Human-Retail-Shopping-Assistance\frontend\node_modules\react-dom\cjs\react-dom-server-legacy.node.development.js:6063:15)
  retryNode (F:\final year project\A-Real-Time-Autonomous-Smart-Cart-System-for-Human-Retail-Shopping-Assistance\frontend\node_modules\react-dom\cjs\react-dom-server-legacy.node.development.js:6417:31)
  renderNodeDestructive (F:\final year project\A-Real-Time-Autonomous-Smart-Cart-System-for-Human-Retail-Shopping-Assistance\frontend\node_modules\react-dom\cjs\react-dom-server-legacy.node.development.js:6367:11)
  finishFunctionComponent (F:\final year project\A-Real-Time-Autonomous-Smart-Cart-System-for-Human-Retail-Shopping-Assistance\frontend\node_modules\react-dom\cjs\react-dom-server-legacy.node.development.js:5106:13)
  run (F:\final year project\A-Real-Time-Autonomous-Smart-Cart-System-for-Human-Retail-Shopping-Assistance\frontend\node_modules\react-dom\cjs\react-dom-server-legacy.node.development.js:5552:11)
  retryNode (F:\final year project\A-Real-Time-Autonomous-Smart-Cart-System-for-Human-Retail-Shopping-Assistance\frontend\node_modules\react-dom\cjs\react-dom-server-legacy.node.development.js:6417:31)
  renderNodeDestructive (F:\final year project\A-Real-Time-Autonomous-Smart-Cart-System-for-Human-Retail-Shopping-Assistance\frontend\node_modules\react-dom\cjs\react-dom-server-legacy.node.development.js:6367:11)
  run (F:\final year project\A-Real-Time-Autonomous-Smart-Cart-System-for-Human-Retail-Shopping-Assistance\frontend\node_modules\react-dom\cjs\react-dom-server-legacy.node.development.js:6063:15)
  retryNode (F:\final year project\A-Real-Time-Autonomous-Smart-Cart-System-for-Human-Retail-Shopping-Assistance\frontend\node_modules\react-dom\cjs\react-dom-server-legacy.node.development.js:6417:31)
  renderNodeDestructive (F:\final year project\A-Real-Time-Autonomous-Smart-Cart-System-for-Human-Retail-Shopping-Assistance\frontend\node_modules\react-dom\cjs\react-dom-server-legacy.node.development.js:6367:11)
  finishFunctionComponent (F:\final year project\A-Real-Time-Autonomous-Smart-Cart-System-for-Human-Retail-Shopping-Assistance\frontend\node_modules\react-dom\cjs\react-dom-server-legacy.node.development.js:5106:13)
  renderElement (F:\final year project\A-Real-Time-Autonomous-Smart-Cart-System-for-Human-Retail-Shopping-Assistance\frontend\node_modules\react-dom\cjs\react-dom-server-legacy.node.development.js:5552:11)
Web Bundled 655ms node_modules\expo-router\entry.js (1 module)
Web  INFO  %cDownload the React DevTools for a better development experience: https://react.dev/link/react-devtools font-weight:bold
Web  LOG  Running application "main" with appParams:
 {"hydrate": undefined, "rootTag": "#root"} 
Development-level warnings: ON.
Performance optimizations: OFF.
Web  WARN  "shadow*" style props are deprecated. Use "boxShadow".
Web  WARN  "textShadow*" style props are deprecated. Use "textShadow".
λ Bundled 52ms node_modules\expo\node_modules\@expo\cli\node_modules\@expo\router-server\node\render.js (1 module)
λ  WARN  "shadow*" style props are deprecated. Use "boxShadow". 
  console.logWithStack [as warn] (F:\final year project\A-Real-Time-Autonomous-Smart-Cart-System-for-Human-Retail-Shopping-Assistance\frontend\node_modules\expo\node_modules\@expo\cli\build\src\start\server\serverLogLikeMetro.js:214:27)
  warnOnce (F:\final year project\A-Real-Time-Autonomous-Smart-Cart-System-for-Human-Retail-Shopping-Assistance\frontend\node_modules\react-native-web\dist\modules\warnOnce\index.js:24:13)
  preprocess (F:\final year project\A-Real-Time-Autonomous-Smart-Cart-System-for-Human-Retail-Shopping-Assistance\frontend\node_modules\react-native-web\dist\exports\StyleSheet\preprocess.js:136:13)
  compileAndInsertAtomic (F:\final year project\A-Real-Time-Autonomous-Smart-Cart-System-for-Human-Retail-Shopping-Assistance\frontend\node_modules\react-native-web\dist\exports\StyleSheet\index.js:56:34)
  <unknown> (F:\final year project\A-Real-Time-Autonomous-Smart-Cart-System-for-Human-Retail-Shopping-Assistance\frontend\node_modules\react-native-web\dist\exports\StyleSheet\index.js:99:26)
  Function.create (F:\final year project\A-Real-Time-Autonomous-Smart-Cart-System-for-Human-Retail-Shopping-Assistance\frontend\node_modules\react-native-web\dist\exports\StyleSheet\index.js:87:23)
  factory (F:\final year project\A-Real-Time-Autonomous-Smart-Cart-System-for-Human-Retail-Shopping-Assistance\frontend\src\app\index.tsx:193:27)
  loadModuleImplementation (F:\final year project\A-Real-Time-Autonomous-Smart-Cart-System-for-Human-Retail-Shopping-Assistance\frontend\node_modules\metro\node_modules\metro-runtime\src\polyfills\require.js:285:5)
  guardedLoadModule (F:\final year project\A-Real-Time-Autonomous-Smart-Cart-System-for-Human-Retail-Shopping-Assistance\frontend\node_modules\metro\node_modules\metro-runtime\src\polyfills\require.js:183:21)
  require (F:\final year project\A-Real-Time-Autonomous-Smart-Cart-System-for-Human-Retail-Shopping-Assistance\frontend\node_modules\metro\node_modules\metro-runtime\src\polyfills\require.js:98:7)
  Object.loadRoute (F:\final year project\A-Real-Time-Autonomous-Smart-Cart-System-for-Human-Retail-Shopping-Assistance\frontend\node_modules\expo-router\build\getRoutesCore.js:239:35)
  runtimeValidateRouteNode (F:\final year project\A-Real-Time-Autonomous-Smart-Cart-System-for-Human-Retail-Shopping-Assistance\frontend\node_modules\expo-router\build\getRoutesCore.js:503:32)
  validateRouteTreeExports (F:\final year project\A-Real-Time-Autonomous-Smart-Cart-System-for-Human-Retail-Shopping-Assistance\frontend\node_modules\expo-router\build\getRoutesCore.js:514:5)
  validateRouteTreeExports (F:\final year project\A-Real-Time-Autonomous-Smart-Cart-System-for-Human-Retail-Shopping-Assistance\frontend\node_modules\expo-router\build\getRoutesCore.js:516:9)
  getRoutes (F:\final year project\A-Real-Time-Autonomous-Smart-Cart-System-for-Human-Retail-Shopping-Assistance\frontend\node_modules\expo-router\build\getRoutesCore.js:33:9)
  getRoutes (F:\final year project\A-Real-Time-Autonomous-Smart-Cart-System-for-Human-Retail-Shopping-Assistance\frontend\node_modules\expo-router\build\getRoutes.js:20:41)
  useStore (F:\final year project\A-Real-Time-Autonomous-Smart-Cart-System-for-Human-Retail-Shopping-Assistance\frontend\node_modules\expo-router\build\global-state\useStore.js:28:48)
  Component (F:\final year project\A-Real-Time-Autonomous-Smart-Cart-System-for-Human-Retail-Shopping-Assistance\frontend\node_modules\expo-router\build\ExpoRoot.js:122:46)
  Object.callComponentInDEV [as react_stack_bottom_frame] (F:\final year project\A-Real-Time-Autonomous-Smart-Cart-System-for-Human-Retail-Shopping-Assistance\frontend\node_modules\react-dom\cjs\react-dom-server-legacy.node.development.js:9808:18)
  renderWithHooks (F:\final year project\A-Real-Time-Autonomous-Smart-Cart-System-for-Human-Retail-Shopping-Assistance\frontend\node_modules\react-dom\cjs\react-dom-server-legacy.node.development.js:5062:19)
  run (F:\final year project\A-Real-Time-Autonomous-Smart-Cart-System-for-Human-Retail-Shopping-Assistance\frontend\node_modules\react-dom\cjs\react-dom-server-legacy.node.development.js:5497:23)
  retryNode (F:\final year project\A-Real-Time-Autonomous-Smart-Cart-System-for-Human-Retail-Shopping-Assistance\frontend\node_modules\react-dom\cjs\react-dom-server-legacy.node.development.js:6417:31)
  renderNodeDestructive (F:\final year project\A-Real-Time-Autonomous-Smart-Cart-System-for-Human-Retail-Shopping-Assistance\frontend\node_modules\react-dom\cjs\react-dom-server-legacy.node.development.js:6367:11)
  finishFunctionComponent (F:\final year project\A-Real-Time-Autonomous-Smart-Cart-System-for-Human-Retail-Shopping-Assistance\frontend\node_modules\react-dom\cjs\react-dom-server-legacy.node.development.js:5106:13)
  run (F:\final year project\A-Real-Time-Autonomous-Smart-Cart-System-for-Human-Retail-Shopping-Assistance\frontend\node_modules\react-dom\cjs\react-dom-server-legacy.node.development.js:5552:11)
  retryNode (F:\final year project\A-Real-Time-Autonomous-Smart-Cart-System-for-Human-Retail-Shopping-Assistance\frontend\node_modules\react-dom\cjs\react-dom-server-legacy.node.development.js:6417:31)
  renderNodeDestructive (F:\final year project\A-Real-Time-Autonomous-Smart-Cart-System-for-Human-Retail-Shopping-Assistance\frontend\node_modules\react-dom\cjs\react-dom-server-legacy.node.development.js:6367:11)
  finishFunctionComponent (F:\final year project\A-Real-Time-Autonomous-Smart-Cart-System-for-Human-Retail-Shopping-Assistance\frontend\node_modules\react-dom\cjs\react-dom-server-legacy.node.development.js:5106:13)
  run (F:\final year project\A-Real-Time-Autonomous-Smart-Cart-System-for-Human-Retail-Shopping-Assistance\frontend\node_modules\react-dom\cjs\react-dom-server-legacy.node.development.js:5552:11)
  retryNode (F:\final year project\A-Real-Time-Autonomous-Smart-Cart-System-for-Human-Retail-Shopping-Assistance\frontend\node_modules\react-dom\cjs\react-dom-server-legacy.node.development.js:6417:31)
  renderNodeDestructive (F:\final year project\A-Real-Time-Autonomous-Smart-Cart-System-for-Human-Retail-Shopping-Assistance\frontend\node_modules\react-dom\cjs\react-dom-server-legacy.node.development.js:6367:11)
  run (F:\final year project\A-Real-Time-Autonomous-Smart-Cart-System-for-Human-Retail-Shopping-Assistance\frontend\node_modules\react-dom\cjs\react-dom-server-legacy.node.development.js:6063:15)
  retryNode (F:\final year project\A-Real-Time-Autonomous-Smart-Cart-System-for-Human-Retail-Shopping-Assistance\frontend\node_modules\react-dom\cjs\react-dom-server-legacy.node.development.js:6417:31)
  renderNodeDestructive (F:\final year project\A-Real-Time-Autonomous-Smart-Cart-System-for-Human-Retail-Shopping-Assistance\frontend\node_modules\react-dom\cjs\react-dom-server-legacy.node.development.js:6367:11)
  run (F:\final year project\A-Real-Time-Autonomous-Smart-Cart-System-for-Human-Retail-Shopping-Assistance\frontend\node_modules\react-dom\cjs\react-dom-server-legacy.node.development.js:6063:15)
  retryNode (F:\final year project\A-Real-Time-Autonomous-Smart-Cart-System-for-Human-Retail-Shopping-Assistance\frontend\node_modules\react-dom\cjs\react-dom-server-legacy.node.development.js:6417:31)
  renderNodeDestructive (F:\final year project\A-Real-Time-Autonomous-Smart-Cart-System-for-Human-Retail-Shopping-Assistance\frontend\node_modules\react-dom\cjs\react-dom-server-legacy.node.development.js:6367:11)
  finishFunctionComponent (F:\final year project\A-Real-Time-Autonomous-Smart-Cart-System-for-Human-Retail-Shopping-Assistance\frontend\node_modules\react-dom\cjs\react-dom-server-legacy.node.development.js:5106:13)
  run (F:\final year project\A-Real-Time-Autonomous-Smart-Cart-System-for-Human-Retail-Shopping-Assistance\frontend\node_modules\react-dom\cjs\react-dom-server-legacy.node.development.js:5552:11)
  retryNode (F:\final year project\A-Real-Time-Autonomous-Smart-Cart-System-for-Human-Retail-Shopping-Assistance\frontend\node_modules\react-dom\cjs\react-dom-server-legacy.node.development.js:6417:31)
  renderNodeDestructive (F:\final year project\A-Real-Time-Autonomous-Smart-Cart-System-for-Human-Retail-Shopping-Assistance\frontend\node_modules\react-dom\cjs\react-dom-server-legacy.node.development.js:6367:11)
  run (F:\final year project\A-Real-Time-Autonomous-Smart-Cart-System-for-Human-Retail-Shopping-Assistance\frontend\node_modules\react-dom\cjs\react-dom-server-legacy.node.development.js:6063:15)
  retryNode (F:\final year project\A-Real-Time-Autonomous-Smart-Cart-System-for-Human-Retail-Shopping-Assistance\frontend\node_modules\react-dom\cjs\react-dom-server-legacy.node.development.js:6417:31)
  renderNodeDestructive (F:\final year project\A-Real-Time-Autonomous-Smart-Cart-System-for-Human-Retail-Shopping-Assistance\frontend\node_modules\react-dom\cjs\react-dom-server-legacy.node.development.js:6367:11)
  finishFunctionComponent (F:\final year project\A-Real-Time-Autonomous-Smart-Cart-System-for-Human-Retail-Shopping-Assistance\frontend\node_modules\react-dom\cjs\react-dom-server-legacy.node.development.js:5106:13)
  run (F:\final year project\A-Real-Time-Autonomous-Smart-Cart-System-for-Human-Retail-Shopping-Assistance\frontend\node_modules\react-dom\cjs\react-dom-server-legacy.node.development.js:5552:11)
  retryNode (F:\final year project\A-Real-Time-Autonomous-Smart-Cart-System-for-Human-Retail-Shopping-Assistance\frontend\node_modules\react-dom\cjs\react-dom-server-legacy.node.development.js:6417:31)
λ  WARN  "textShadow*" style props are deprecated. Use "textShadow". 
  console.logWithStack [as warn] (F:\final year project\A-Real-Time-Autonomous-Smart-Cart-System-for-Human-Retail-Shopping-Assistance\frontend\node_modules\expo\node_modules\@expo\cli\build\src\start\server\serverLogLikeMetro.js:214:27)
  warnOnce (F:\final year project\A-Real-Time-Autonomous-Smart-Cart-System-for-Human-Retail-Shopping-Assistance\frontend\node_modules\react-native-web\dist\modules\warnOnce\index.js:24:13)
  preprocess (F:\final year project\A-Real-Time-Autonomous-Smart-Cart-System-for-Human-Retail-Shopping-Assistance\frontend\node_modules\react-native-web\dist\exports\StyleSheet\preprocess.js:145:13)
  compileAndInsertAtomic (F:\final year project\A-Real-Time-Autonomous-Smart-Cart-System-for-Human-Retail-Shopping-Assistance\frontend\node_modules\react-native-web\dist\exports\StyleSheet\index.js:56:34)
  <unknown> (F:\final year project\A-Real-Time-Autonomous-Smart-Cart-System-for-Human-Retail-Shopping-Assistance\frontend\node_modules\react-native-web\dist\exports\StyleSheet\index.js:99:26)
  Function.create (F:\final year project\A-Real-Time-Autonomous-Smart-Cart-System-for-Human-Retail-Shopping-Assistance\frontend\node_modules\react-native-web\dist\exports\StyleSheet\index.js:87:23)
  factory (F:\final year project\A-Real-Time-Autonomous-Smart-Cart-System-for-Human-Retail-Shopping-Assistance\frontend\src\app\(customer)\index.tsx:457:27)
  loadModuleImplementation (F:\final year project\A-Real-Time-Autonomous-Smart-Cart-System-for-Human-Retail-Shopping-Assistance\frontend\node_modules\metro\node_modules\metro-runtime\src\polyfills\require.js:285:5)
  guardedLoadModule (F:\final year project\A-Real-Time-Autonomous-Smart-Cart-System-for-Human-Retail-Shopping-Assistance\frontend\node_modules\metro\node_modules\metro-runtime\src\polyfills\require.js:183:21)
  require (F:\final year project\A-Real-Time-Autonomous-Smart-Cart-System-for-Human-Retail-Shopping-Assistance\frontend\node_modules\metro\node_modules\metro-runtime\src\polyfills\require.js:98:7)
  Object.loadRoute (F:\final year project\A-Real-Time-Autonomous-Smart-Cart-System-for-Human-Retail-Shopping-Assistance\frontend\node_modules\expo-router\build\getRoutesCore.js:239:35)
  runtimeValidateRouteNode (F:\final year project\A-Real-Time-Autonomous-Smart-Cart-System-for-Human-Retail-Shopping-Assistance\frontend\node_modules\expo-router\build\getRoutesCore.js:503:32)
  validateRouteTreeExports (F:\final year project\A-Real-Time-Autonomous-Smart-Cart-System-for-Human-Retail-Shopping-Assistance\frontend\node_modules\expo-router\build\getRoutesCore.js:514:5)
  validateRouteTreeExports (F:\final year project\A-Real-Time-Autonomous-Smart-Cart-System-for-Human-Retail-Shopping-Assistance\frontend\node_modules\expo-router\build\getRoutesCore.js:516:9)
  validateRouteTreeExports (F:\final year project\A-Real-Time-Autonomous-Smart-Cart-System-for-Human-Retail-Shopping-Assistance\frontend\node_modules\expo-router\build\getRoutesCore.js:516:9)
  getRoutes (F:\final year project\A-Real-Time-Autonomous-Smart-Cart-System-for-Human-Retail-Shopping-Assistance\frontend\node_modules\expo-router\build\getRoutesCore.js:33:9)
  getRoutes (F:\final year project\A-Real-Time-Autonomous-Smart-Cart-System-for-Human-Retail-Shopping-Assistance\frontend\node_modules\expo-router\build\getRoutes.js:20:41)
  useStore (F:\final year project\A-Real-Time-Autonomous-Smart-Cart-System-for-Human-Retail-Shopping-Assistance\frontend\node_modules\expo-router\build\global-state\useStore.js:28:48)
  Component (F:\final year project\A-Real-Time-Autonomous-Smart-Cart-System-for-Human-Retail-Shopping-Assistance\frontend\node_modules\expo-router\build\ExpoRoot.js:122:46)
  Object.callComponentInDEV [as react_stack_bottom_frame] (F:\final year project\A-Real-Time-Autonomous-Smart-Cart-System-for-Human-Retail-Shopping-Assistance\frontend\node_modules\react-dom\cjs\react-dom-server-legacy.node.development.js:9808:18)
  renderWithHooks (F:\final year project\A-Real-Time-Autonomous-Smart-Cart-System-for-Human-Retail-Shopping-Assistance\frontend\node_modules\react-dom\cjs\react-dom-server-legacy.node.development.js:5062:19)
  run (F:\final year project\A-Real-Time-Autonomous-Smart-Cart-System-for-Human-Retail-Shopping-Assistance\frontend\node_modules\react-dom\cjs\react-dom-server-legacy.node.development.js:5497:23)
  retryNode (F:\final year project\A-Real-Time-Autonomous-Smart-Cart-System-for-Human-Retail-Shopping-Assistance\frontend\node_modules\react-dom\cjs\react-dom-server-legacy.node.development.js:6417:31)
  renderNodeDestructive (F:\final year project\A-Real-Time-Autonomous-Smart-Cart-System-for-Human-Retail-Shopping-Assistance\frontend\node_modules\react-dom\cjs\react-dom-server-legacy.node.development.js:6367:11)
  finishFunctionComponent (F:\final year project\A-Real-Time-Autonomous-Smart-Cart-System-for-Human-Retail-Shopping-Assistance\frontend\node_modules\react-dom\cjs\react-dom-server-legacy.node.development.js:5106:13)
  run (F:\final year project\A-Real-Time-Autonomous-Smart-Cart-System-for-Human-Retail-Shopping-Assistance\frontend\node_modules\react-dom\cjs\react-dom-server-legacy.node.development.js:5552:11)
  retryNode (F:\final year project\A-Real-Time-Autonomous-Smart-Cart-System-for-Human-Retail-Shopping-Assistance\frontend\node_modules\react-dom\cjs\react-dom-server-legacy.node.development.js:6417:31)
  renderNodeDestructive (F:\final year project\A-Real-Time-Autonomous-Smart-Cart-System-for-Human-Retail-Shopping-Assistance\frontend\node_modules\react-dom\cjs\react-dom-server-legacy.node.development.js:6367:11)
  finishFunctionComponent (F:\final year project\A-Real-Time-Autonomous-Smart-Cart-System-for-Human-Retail-Shopping-Assistance\frontend\node_modules\react-dom\cjs\react-dom-server-legacy.node.development.js:5106:13)
  run (F:\final year project\A-Real-Time-Autonomous-Smart-Cart-System-for-Human-Retail-Shopping-Assistance\frontend\node_modules\react-dom\cjs\react-dom-server-legacy.node.development.js:5552:11)
  retryNode (F:\final year project\A-Real-Time-Autonomous-Smart-Cart-System-for-Human-Retail-Shopping-Assistance\frontend\node_modules\react-dom\cjs\react-dom-server-legacy.node.development.js:6417:31)
  renderNodeDestructive (F:\final year project\A-Real-Time-Autonomous-Smart-Cart-System-for-Human-Retail-Shopping-Assistance\frontend\node_modules\react-dom\cjs\react-dom-server-legacy.node.development.js:6367:11)
  run (F:\final year project\A-Real-Time-Autonomous-Smart-Cart-System-for-Human-Retail-Shopping-Assistance\frontend\node_modules\react-dom\cjs\react-dom-server-legacy.node.development.js:6063:15)
  retryNode (F:\final year project\A-Real-Time-Autonomous-Smart-Cart-System-for-Human-Retail-Shopping-Assistance\frontend\node_modules\react-dom\cjs\react-dom-server-legacy.node.development.js:6417:31)
  renderNodeDestructive (F:\final year project\A-Real-Time-Autonomous-Smart-Cart-System-for-Human-Retail-Shopping-Assistance\frontend\node_modules\react-dom\cjs\react-dom-server-legacy.node.development.js:6367:11)
  run (F:\final year project\A-Real-Time-Autonomous-Smart-Cart-System-for-Human-Retail-Shopping-Assistance\frontend\node_modules\react-dom\cjs\react-dom-server-legacy.node.development.js:6063:15)
  retryNode (F:\final year project\A-Real-Time-Autonomous-Smart-Cart-System-for-Human-Retail-Shopping-Assistance\frontend\node_modules\react-dom\cjs\react-dom-server-legacy.node.development.js:6417:31)
  renderNodeDestructive (F:\final year project\A-Real-Time-Autonomous-Smart-Cart-System-for-Human-Retail-Shopping-Assistance\frontend\node_modules\react-dom\cjs\react-dom-server-legacy.node.development.js:6367:11)
  finishFunctionComponent (F:\final year project\A-Real-Time-Autonomous-Smart-Cart-System-for-Human-Retail-Shopping-Assistance\frontend\node_modules\react-dom\cjs\react-dom-server-legacy.node.development.js:5106:13)
  run (F:\final year project\A-Real-Time-Autonomous-Smart-Cart-System-for-Human-Retail-Shopping-Assistance\frontend\node_modules\react-dom\cjs\react-dom-server-legacy.node.development.js:5552:11)
  retryNode (F:\final year project\A-Real-Time-Autonomous-Smart-Cart-System-for-Human-Retail-Shopping-Assistance\frontend\node_modules\react-dom\cjs\react-dom-server-legacy.node.development.js:6417:31)
  renderNodeDestructive (F:\final year project\A-Real-Time-Autonomous-Smart-Cart-System-for-Human-Retail-Shopping-Assistance\frontend\node_modules\react-dom\cjs\react-dom-server-legacy.node.development.js:6367:11)
  run (F:\final year project\A-Real-Time-Autonomous-Smart-Cart-System-for-Human-Retail-Shopping-Assistance\frontend\node_modules\react-dom\cjs\react-dom-server-legacy.node.development.js:6063:15)
  retryNode (F:\final year project\A-Real-Time-Autonomous-Smart-Cart-System-for-Human-Retail-Shopping-Assistance\frontend\node_modules\react-dom\cjs\react-dom-server-legacy.node.development.js:6417:31)
  renderNodeDestructive (F:\final year project\A-Real-Time-Autonomous-Smart-Cart-System-for-Human-Retail-Shopping-Assistance\frontend\node_modules\react-dom\cjs\react-dom-server-legacy.node.development.js:6367:11)
  finishFunctionComponent (F:\final year project\A-Real-Time-Autonomous-Smart-Cart-System-for-Human-Retail-Shopping-Assistance\frontend\node_modules\react-dom\cjs\react-dom-server-legacy.node.development.js:5106:13)
  renderElement (F:\final year project\A-Real-Time-Autonomous-Smart-Cart-System-for-Human-Retail-Shopping-Assistance\frontend\node_modules\react-dom\cjs\react-dom-server-legacy.node.development.js:5552:11)
Web Bundled 770ms node_modules\expo-router\entry.js (1 module)
Web Bundled 45ms node_modules\expo-router\entry.js (1 module)
Web  INFO  %cDownload the React DevTools for a better development experience: https://react.dev/link/react-devtools font-weight:bold
Web  LOG  Running application "main" with appParams:
 {"hydrate": undefined, "rootTag": "#root"} 
Development-level warnings: ON.
Performance optimizations: OFF.
Web  WARN  "shadow*" style props are deprecated. Use "boxShadow".
Web  WARN  "textShadow*" style props are deprecated. Use "textShadow".
Web  WARN  props.pointerEvents is deprecated. Use style.pointerEvents
λ Bundled 77ms node_modules\expo\node_modules\@expo\cli\node_modules\@expo\router-server\node\render.js (1 module)
λ  WARN  "shadow*" style props are deprecated. Use "boxShadow". 
  console.logWithStack [as warn] (F:\final year project\A-Real-Time-Autonomous-Smart-Cart-System-for-Human-Retail-Shopping-Assistance\frontend\node_modules\expo\node_modules\@expo\cli\build\src\start\server\serverLogLikeMetro.js:214:27)
  warnOnce (F:\final year project\A-Real-Time-Autonomous-Smart-Cart-System-for-Human-Retail-Shopping-Assistance\frontend\node_modules\react-native-web\dist\modules\warnOnce\index.js:24:13)
  preprocess (F:\final year project\A-Real-Time-Autonomous-Smart-Cart-System-for-Human-Retail-Shopping-Assistance\frontend\node_modules\react-native-web\dist\exports\StyleSheet\preprocess.js:136:13)
  compileAndInsertAtomic (F:\final year project\A-Real-Time-Autonomous-Smart-Cart-System-for-Human-Retail-Shopping-Assistance\frontend\node_modules\react-native-web\dist\exports\StyleSheet\index.js:56:34)
  <unknown> (F:\final year project\A-Real-Time-Autonomous-Smart-Cart-System-for-Human-Retail-Shopping-Assistance\frontend\node_modules\react-native-web\dist\exports\StyleSheet\index.js:99:26)
  Function.create (F:\final year project\A-Real-Time-Autonomous-Smart-Cart-System-for-Human-Retail-Shopping-Assistance\frontend\node_modules\react-native-web\dist\exports\StyleSheet\index.js:87:23)
  factory (F:\final year project\A-Real-Time-Autonomous-Smart-Cart-System-for-Human-Retail-Shopping-Assistance\frontend\src\app\index.tsx:193:27)
  loadModuleImplementation (F:\final year project\A-Real-Time-Autonomous-Smart-Cart-System-for-Human-Retail-Shopping-Assistance\frontend\node_modules\metro\node_modules\metro-runtime\src\polyfills\require.js:285:5)
  guardedLoadModule (F:\final year project\A-Real-Time-Autonomous-Smart-Cart-System-for-Human-Retail-Shopping-Assistance\frontend\node_modules\metro\node_modules\metro-runtime\src\polyfills\require.js:183:21)
  require (F:\final year project\A-Real-Time-Autonomous-Smart-Cart-System-for-Human-Retail-Shopping-Assistance\frontend\node_modules\metro\node_modules\metro-runtime\src\polyfills\require.js:98:7)
  Object.loadRoute (F:\final year project\A-Real-Time-Autonomous-Smart-Cart-System-for-Human-Retail-Shopping-Assistance\frontend\node_modules\expo-router\build\getRoutesCore.js:239:35)
  runtimeValidateRouteNode (F:\final year project\A-Real-Time-Autonomous-Smart-Cart-System-for-Human-Retail-Shopping-Assistance\frontend\node_modules\expo-router\build\getRoutesCore.js:503:32)
  validateRouteTreeExports (F:\final year project\A-Real-Time-Autonomous-Smart-Cart-System-for-Human-Retail-Shopping-Assistance\frontend\node_modules\expo-router\build\getRoutesCore.js:514:5)
  validateRouteTreeExports (F:\final year project\A-Real-Time-Autonomous-Smart-Cart-System-for-Human-Retail-Shopping-Assistance\frontend\node_modules\expo-router\build\getRoutesCore.js:516:9)
  getRoutes (F:\final year project\A-Real-Time-Autonomous-Smart-Cart-System-for-Human-Retail-Shopping-Assistance\frontend\node_modules\expo-router\build\getRoutesCore.js:33:9)
  getRoutes (F:\final year project\A-Real-Time-Autonomous-Smart-Cart-System-for-Human-Retail-Shopping-Assistance\frontend\node_modules\expo-router\build\getRoutes.js:20:41)
  useStore (F:\final year project\A-Real-Time-Autonomous-Smart-Cart-System-for-Human-Retail-Shopping-Assistance\frontend\node_modules\expo-router\build\global-state\useStore.js:28:48)
  Component (F:\final year project\A-Real-Time-Autonomous-Smart-Cart-System-for-Human-Retail-Shopping-Assistance\frontend\node_modules\expo-router\build\ExpoRoot.js:122:46)
  Object.callComponentInDEV [as react_stack_bottom_frame] (F:\final year project\A-Real-Time-Autonomous-Smart-Cart-System-for-Human-Retail-Shopping-Assistance\frontend\node_modules\react-dom\cjs\react-dom-server-legacy.node.development.js:9808:18)
  renderWithHooks (F:\final year project\A-Real-Time-Autonomous-Smart-Cart-System-for-Human-Retail-Shopping-Assistance\frontend\node_modules\react-dom\cjs\react-dom-server-legacy.node.development.js:5062:19)
  run (F:\final year project\A-Real-Time-Autonomous-Smart-Cart-System-for-Human-Retail-Shopping-Assistance\frontend\node_modules\react-dom\cjs\react-dom-server-legacy.node.development.js:5497:23)
  retryNode (F:\final year project\A-Real-Time-Autonomous-Smart-Cart-System-for-Human-Retail-Shopping-Assistance\frontend\node_modules\react-dom\cjs\react-dom-server-legacy.node.development.js:6417:31)
  renderNodeDestructive (F:\final year project\A-Real-Time-Autonomous-Smart-Cart-System-for-Human-Retail-Shopping-Assistance\frontend\node_modules\react-dom\cjs\react-dom-server-legacy.node.development.js:6367:11)
  finishFunctionComponent (F:\final year project\A-Real-Time-Autonomous-Smart-Cart-System-for-Human-Retail-Shopping-Assistance\frontend\node_modules\react-dom\cjs\react-dom-server-legacy.node.development.js:5106:13)
  run (F:\final year project\A-Real-Time-Autonomous-Smart-Cart-System-for-Human-Retail-Shopping-Assistance\frontend\node_modules\react-dom\cjs\react-dom-server-legacy.node.development.js:5552:11)
  retryNode (F:\final year project\A-Real-Time-Autonomous-Smart-Cart-System-for-Human-Retail-Shopping-Assistance\frontend\node_modules\react-dom\cjs\react-dom-server-legacy.node.development.js:6417:31)
  renderNodeDestructive (F:\final year project\A-Real-Time-Autonomous-Smart-Cart-System-for-Human-Retail-Shopping-Assistance\frontend\node_modules\react-dom\cjs\react-dom-server-legacy.node.development.js:6367:11)
  finishFunctionComponent (F:\final year project\A-Real-Time-Autonomous-Smart-Cart-System-for-Human-Retail-Shopping-Assistance\frontend\node_modules\react-dom\cjs\react-dom-server-legacy.node.development.js:5106:13)
  run (F:\final year project\A-Real-Time-Autonomous-Smart-Cart-System-for-Human-Retail-Shopping-Assistance\frontend\node_modules\react-dom\cjs\react-dom-server-legacy.node.development.js:5552:11)
  retryNode (F:\final year project\A-Real-Time-Autonomous-Smart-Cart-System-for-Human-Retail-Shopping-Assistance\frontend\node_modules\react-dom\cjs\react-dom-server-legacy.node.development.js:6417:31)
  renderNodeDestructive (F:\final year project\A-Real-Time-Autonomous-Smart-Cart-System-for-Human-Retail-Shopping-Assistance\frontend\node_modules\react-dom\cjs\react-dom-server-legacy.node.development.js:6367:11)
  run (F:\final year project\A-Real-Time-Autonomous-Smart-Cart-System-for-Human-Retail-Shopping-Assistance\frontend\node_modules\react-dom\cjs\react-dom-server-legacy.node.development.js:6063:15)
  retryNode (F:\final year project\A-Real-Time-Autonomous-Smart-Cart-System-for-Human-Retail-Shopping-Assistance\frontend\node_modules\react-dom\cjs\react-dom-server-legacy.node.development.js:6417:31)
  renderNodeDestructive (F:\final year project\A-Real-Time-Autonomous-Smart-Cart-System-for-Human-Retail-Shopping-Assistance\frontend\node_modules\react-dom\cjs\react-dom-server-legacy.node.development.js:6367:11)
  run (F:\final year project\A-Real-Time-Autonomous-Smart-Cart-System-for-Human-Retail-Shopping-Assistance\frontend\node_modules\react-dom\cjs\react-dom-server-legacy.node.development.js:6063:15)
  retryNode (F:\final year project\A-Real-Time-Autonomous-Smart-Cart-System-for-Human-Retail-Shopping-Assistance\frontend\node_modules\react-dom\cjs\react-dom-server-legacy.node.development.js:6417:31)
  renderNodeDestructive (F:\final year project\A-Real-Time-Autonomous-Smart-Cart-System-for-Human-Retail-Shopping-Assistance\frontend\node_modules\react-dom\cjs\react-dom-server-legacy.node.development.js:6367:11)
  finishFunctionComponent (F:\final year project\A-Real-Time-Autonomous-Smart-Cart-System-for-Human-Retail-Shopping-Assistance\frontend\node_modules\react-dom\cjs\react-dom-server-legacy.node.development.js:5106:13)
  run (F:\final year project\A-Real-Time-Autonomous-Smart-Cart-System-for-Human-Retail-Shopping-Assistance\frontend\node_modules\react-dom\cjs\react-dom-server-legacy.node.development.js:5552:11)
  retryNode (F:\final year project\A-Real-Time-Autonomous-Smart-Cart-System-for-Human-Retail-Shopping-Assistance\frontend\node_modules\react-dom\cjs\react-dom-server-legacy.node.development.js:6417:31)
  renderNodeDestructive (F:\final year project\A-Real-Time-Autonomous-Smart-Cart-System-for-Human-Retail-Shopping-Assistance\frontend\node_modules\react-dom\cjs\react-dom-server-legacy.node.development.js:6367:11)
  run (F:\final year project\A-Real-Time-Autonomous-Smart-Cart-System-for-Human-Retail-Shopping-Assistance\frontend\node_modules\react-dom\cjs\react-dom-server-legacy.node.development.js:6063:15)
  retryNode (F:\final year project\A-Real-Time-Autonomous-Smart-Cart-System-for-Human-Retail-Shopping-Assistance\frontend\node_modules\react-dom\cjs\react-dom-server-legacy.node.development.js:6417:31)
  renderNodeDestructive (F:\final year project\A-Real-Time-Autonomous-Smart-Cart-System-for-Human-Retail-Shopping-Assistance\frontend\node_modules\react-dom\cjs\react-dom-server-legacy.node.development.js:6367:11)
  finishFunctionComponent (F:\final year project\A-Real-Time-Autonomous-Smart-Cart-System-for-Human-Retail-Shopping-Assistance\frontend\node_modules\react-dom\cjs\react-dom-server-legacy.node.development.js:5106:13)
  run (F:\final year project\A-Real-Time-Autonomous-Smart-Cart-System-for-Human-Retail-Shopping-Assistance\frontend\node_modules\react-dom\cjs\react-dom-server-legacy.node.development.js:5552:11)
  retryNode (F:\final year project\A-Real-Time-Autonomous-Smart-Cart-System-for-Human-Retail-Shopping-Assistance\frontend\node_modules\react-dom\cjs\react-dom-server-legacy.node.development.js:6417:31)
λ  WARN  "textShadow*" style props are deprecated. Use "textShadow". 
  console.logWithStack [as warn] (F:\final year project\A-Real-Time-Autonomous-Smart-Cart-System-for-Human-Retail-Shopping-Assistance\frontend\node_modules\expo\node_modules\@expo\cli\build\src\start\server\serverLogLikeMetro.js:214:27)
  warnOnce (F:\final year project\A-Real-Time-Autonomous-Smart-Cart-System-for-Human-Retail-Shopping-Assistance\frontend\node_modules\react-native-web\dist\modules\warnOnce\index.js:24:13)
  preprocess (F:\final year project\A-Real-Time-Autonomous-Smart-Cart-System-for-Human-Retail-Shopping-Assistance\frontend\node_modules\react-native-web\dist\exports\StyleSheet\preprocess.js:145:13)
  compileAndInsertAtomic (F:\final year project\A-Real-Time-Autonomous-Smart-Cart-System-for-Human-Retail-Shopping-Assistance\frontend\node_modules\react-native-web\dist\exports\StyleSheet\index.js:56:34)
  <unknown> (F:\final year project\A-Real-Time-Autonomous-Smart-Cart-System-for-Human-Retail-Shopping-Assistance\frontend\node_modules\react-native-web\dist\exports\StyleSheet\index.js:99:26)
  Function.create (F:\final year project\A-Real-Time-Autonomous-Smart-Cart-System-for-Human-Retail-Shopping-Assistance\frontend\node_modules\react-native-web\dist\exports\StyleSheet\index.js:87:23)
  factory (F:\final year project\A-Real-Time-Autonomous-Smart-Cart-System-for-Human-Retail-Shopping-Assistance\frontend\src\app\(customer)\index.tsx:457:27)
  loadModuleImplementation (F:\final year project\A-Real-Time-Autonomous-Smart-Cart-System-for-Human-Retail-Shopping-Assistance\frontend\node_modules\metro\node_modules\metro-runtime\src\polyfills\require.js:285:5)
  guardedLoadModule (F:\final year project\A-Real-Time-Autonomous-Smart-Cart-System-for-Human-Retail-Shopping-Assistance\frontend\node_modules\metro\node_modules\metro-runtime\src\polyfills\require.js:183:21)
  require (F:\final year project\A-Real-Time-Autonomous-Smart-Cart-System-for-Human-Retail-Shopping-Assistance\frontend\node_modules\metro\node_modules\metro-runtime\src\polyfills\require.js:98:7)
  Object.loadRoute (F:\final year project\A-Real-Time-Autonomous-Smart-Cart-System-for-Human-Retail-Shopping-Assistance\frontend\node_modules\expo-router\build\getRoutesCore.js:239:35)
  runtimeValidateRouteNode (F:\final year project\A-Real-Time-Autonomous-Smart-Cart-System-for-Human-Retail-Shopping-Assistance\frontend\node_modules\expo-router\build\getRoutesCore.js:503:32)
  validateRouteTreeExports (F:\final year project\A-Real-Time-Autonomous-Smart-Cart-System-for-Human-Retail-Shopping-Assistance\frontend\node_modules\expo-router\build\getRoutesCore.js:514:5)
  validateRouteTreeExports (F:\final year project\A-Real-Time-Autonomous-Smart-Cart-System-for-Human-Retail-Shopping-Assistance\frontend\node_modules\expo-router\build\getRoutesCore.js:516:9)
  validateRouteTreeExports (F:\final year project\A-Real-Time-Autonomous-Smart-Cart-System-for-Human-Retail-Shopping-Assistance\frontend\node_modules\expo-router\build\getRoutesCore.js:516:9)
  getRoutes (F:\final year project\A-Real-Time-Autonomous-Smart-Cart-System-for-Human-Retail-Shopping-Assistance\frontend\node_modules\expo-router\build\getRoutesCore.js:33:9)
  getRoutes (F:\final year project\A-Real-Time-Autonomous-Smart-Cart-System-for-Human-Retail-Shopping-Assistance\frontend\node_modules\expo-router\build\getRoutes.js:20:41)
  useStore (F:\final year project\A-Real-Time-Autonomous-Smart-Cart-System-for-Human-Retail-Shopping-Assistance\frontend\node_modules\expo-router\build\global-state\useStore.js:28:48)
  Component (F:\final year project\A-Real-Time-Autonomous-Smart-Cart-System-for-Human-Retail-Shopping-Assistance\frontend\node_modules\expo-router\build\ExpoRoot.js:122:46)
  Object.callComponentInDEV [as react_stack_bottom_frame] (F:\final year project\A-Real-Time-Autonomous-Smart-Cart-System-for-Human-Retail-Shopping-Assistance\frontend\node_modules\react-dom\cjs\react-dom-server-legacy.node.development.js:9808:18)
  renderWithHooks (F:\final year project\A-Real-Time-Autonomous-Smart-Cart-System-for-Human-Retail-Shopping-Assistance\frontend\node_modules\react-dom\cjs\react-dom-server-legacy.node.development.js:5062:19)
  run (F:\final year project\A-Real-Time-Autonomous-Smart-Cart-System-for-Human-Retail-Shopping-Assistance\frontend\node_modules\react-dom\cjs\react-dom-server-legacy.node.development.js:5497:23)
  retryNode (F:\final year project\A-Real-Time-Autonomous-Smart-Cart-System-for-Human-Retail-Shopping-Assistance\frontend\node_modules\react-dom\cjs\react-dom-server-legacy.node.development.js:6417:31)
  renderNodeDestructive (F:\final year project\A-Real-Time-Autonomous-Smart-Cart-System-for-Human-Retail-Shopping-Assistance\frontend\node_modules\react-dom\cjs\react-dom-server-legacy.node.development.js:6367:11)
  finishFunctionComponent (F:\final year project\A-Real-Time-Autonomous-Smart-Cart-System-for-Human-Retail-Shopping-Assistance\frontend\node_modules\react-dom\cjs\react-dom-server-legacy.node.development.js:5106:13)
  run (F:\final year project\A-Real-Time-Autonomous-Smart-Cart-System-for-Human-Retail-Shopping-Assistance\frontend\node_modules\react-dom\cjs\react-dom-server-legacy.node.development.js:5552:11)
  retryNode (F:\final year project\A-Real-Time-Autonomous-Smart-Cart-System-for-Human-Retail-Shopping-Assistance\frontend\node_modules\react-dom\cjs\react-dom-server-legacy.node.development.js:6417:31)
  renderNodeDestructive (F:\final year project\A-Real-Time-Autonomous-Smart-Cart-System-for-Human-Retail-Shopping-Assistance\frontend\node_modules\react-dom\cjs\react-dom-server-legacy.node.development.js:6367:11)
  finishFunctionComponent (F:\final year project\A-Real-Time-Autonomous-Smart-Cart-System-for-Human-Retail-Shopping-Assistance\frontend\node_modules\react-dom\cjs\react-dom-server-legacy.node.development.js:5106:13)
  run (F:\final year project\A-Real-Time-Autonomous-Smart-Cart-System-for-Human-Retail-Shopping-Assistance\frontend\node_modules\react-dom\cjs\react-dom-server-legacy.node.development.js:5552:11)
  retryNode (F:\final year project\A-Real-Time-Autonomous-Smart-Cart-System-for-Human-Retail-Shopping-Assistance\frontend\node_modules\react-dom\cjs\react-dom-server-legacy.node.development.js:6417:31)
  renderNodeDestructive (F:\final year project\A-Real-Time-Autonomous-Smart-Cart-System-for-Human-Retail-Shopping-Assistance\frontend\node_modules\react-dom\cjs\react-dom-server-legacy.node.development.js:6367:11)
  run (F:\final year project\A-Real-Time-Autonomous-Smart-Cart-System-for-Human-Retail-Shopping-Assistance\frontend\node_modules\react-dom\cjs\react-dom-server-legacy.node.development.js:6063:15)
  retryNode (F:\final year project\A-Real-Time-Autonomous-Smart-Cart-System-for-Human-Retail-Shopping-Assistance\frontend\node_modules\react-dom\cjs\react-dom-server-legacy.node.development.js:6417:31)
  renderNodeDestructive (F:\final year project\A-Real-Time-Autonomous-Smart-Cart-System-for-Human-Retail-Shopping-Assistance\frontend\node_modules\react-dom\cjs\react-dom-server-legacy.node.development.js:6367:11)
  run (F:\final year project\A-Real-Time-Autonomous-Smart-Cart-System-for-Human-Retail-Shopping-Assistance\frontend\node_modules\react-dom\cjs\react-dom-server-legacy.node.development.js:6063:15)
  retryNode (F:\final year project\A-Real-Time-Autonomous-Smart-Cart-System-for-Human-Retail-Shopping-Assistance\frontend\node_modules\react-dom\cjs\react-dom-server-legacy.node.development.js:6417:31)
  renderNodeDestructive (F:\final year project\A-Real-Time-Autonomous-Smart-Cart-System-for-Human-Retail-Shopping-Assistance\frontend\node_modules\react-dom\cjs\react-dom-server-legacy.node.development.js:6367:11)
  finishFunctionComponent (F:\final year project\A-Real-Time-Autonomous-Smart-Cart-System-for-Human-Retail-Shopping-Assistance\frontend\node_modules\react-dom\cjs\react-dom-server-legacy.node.development.js:5106:13)
  run (F:\final year project\A-Real-Time-Autonomous-Smart-Cart-System-for-Human-Retail-Shopping-Assistance\frontend\node_modules\react-dom\cjs\react-dom-server-legacy.node.development.js:5552:11)
  retryNode (F:\final year project\A-Real-Time-Autonomous-Smart-Cart-System-for-Human-Retail-Shopping-Assistance\frontend\node_modules\react-dom\cjs\react-dom-server-legacy.node.development.js:6417:31)
  renderNodeDestructive (F:\final year project\A-Real-Time-Autonomous-Smart-Cart-System-for-Human-Retail-Shopping-Assistance\frontend\node_modules\react-dom\cjs\react-dom-server-legacy.node.development.js:6367:11)
  run (F:\final year project\A-Real-Time-Autonomous-Smart-Cart-System-for-Human-Retail-Shopping-Assistance\frontend\node_modules\react-dom\cjs\react-dom-server-legacy.node.development.js:6063:15)
  retryNode (F:\final year project\A-Real-Time-Autonomous-Smart-Cart-System-for-Human-Retail-Shopping-Assistance\frontend\node_modules\react-dom\cjs\react-dom-server-legacy.node.development.js:6417:31)
  renderNodeDestructive (F:\final year project\A-Real-Time-Autonomous-Smart-Cart-System-for-Human-Retail-Shopping-Assistance\frontend\node_modules\react-dom\cjs\react-dom-server-legacy.node.development.js:6367:11)
  finishFunctionComponent (F:\final year project\A-Real-Time-Autonomous-Smart-Cart-System-for-Human-Retail-Shopping-Assistance\frontend\node_modules\react-dom\cjs\react-dom-server-legacy.node.development.js:5106:13)
  renderElement (F:\final year project\A-Real-Time-Autonomous-Smart-Cart-System-for-Human-Retail-Shopping-Assistance\frontend\node_modules\react-dom\cjs\react-dom-server-legacy.node.development.js:5552:11)
Web Bundled 828ms node_modules\expo-router\entry.js (1 module)
Web Bundled 89ms node_modules\expo-router\entry.js (1 module)
λ Bundled 65ms node_modules\expo\node_modules\@expo\cli\node_modules\@expo\router-server\node\render.js (1 module)
λ  WARN  "shadow*" style props are deprecated. Use "boxShadow". 
  console.logWithStack [as warn] (F:\final year project\A-Real-Time-Autonomous-Smart-Cart-System-for-Human-Retail-Shopping-Assistance\frontend\node_modules\expo\node_modules\@expo\cli\build\src\start\server\serverLogLikeMetro.js:214:27)
  warnOnce (F:\final year project\A-Real-Time-Autonomous-Smart-Cart-System-for-Human-Retail-Shopping-Assistance\frontend\node_modules\react-native-web\dist\modules\warnOnce\index.js:24:13)
  preprocess (F:\final year project\A-Real-Time-Autonomous-Smart-Cart-System-for-Human-Retail-Shopping-Assistance\frontend\node_modules\react-native-web\dist\exports\StyleSheet\preprocess.js:136:13)
  compileAndInsertAtomic (F:\final year project\A-Real-Time-Autonomous-Smart-Cart-System-for-Human-Retail-Shopping-Assistance\frontend\node_modules\react-native-web\dist\exports\StyleSheet\index.js:56:34)
  <unknown> (F:\final year project\A-Real-Time-Autonomous-Smart-Cart-System-for-Human-Retail-Shopping-Assistance\frontend\node_modules\react-native-web\dist\exports\StyleSheet\index.js:99:26)
  Function.create (F:\final year project\A-Real-Time-Autonomous-Smart-Cart-System-for-Human-Retail-Shopping-Assistance\frontend\node_modules\react-native-web\dist\exports\StyleSheet\index.js:87:23)
  factory (F:\final year project\A-Real-Time-Autonomous-Smart-Cart-System-for-Human-Retail-Shopping-Assistance\frontend\src\app\index.tsx:193:27)
  loadModuleImplementation (F:\final year project\A-Real-Time-Autonomous-Smart-Cart-System-for-Human-Retail-Shopping-Assistance\frontend\node_modules\metro\node_modules\metro-runtime\src\polyfills\require.js:285:5)
  guardedLoadModule (F:\final year project\A-Real-Time-Autonomous-Smart-Cart-System-for-Human-Retail-Shopping-Assistance\frontend\node_modules\metro\node_modules\metro-runtime\src\polyfills\require.js:183:21)
  require (F:\final year project\A-Real-Time-Autonomous-Smart-Cart-System-for-Human-Retail-Shopping-Assistance\frontend\node_modules\metro\node_modules\metro-runtime\src\polyfills\require.js:98:7)
  Object.loadRoute (F:\final year project\A-Real-Time-Autonomous-Smart-Cart-System-for-Human-Retail-Shopping-Assistance\frontend\node_modules\expo-router\build\getRoutesCore.js:239:35)
  runtimeValidateRouteNode (F:\final year project\A-Real-Time-Autonomous-Smart-Cart-System-for-Human-Retail-Shopping-Assistance\frontend\node_modules\expo-router\build\getRoutesCore.js:503:32)
  validateRouteTreeExports (F:\final year project\A-Real-Time-Autonomous-Smart-Cart-System-for-Human-Retail-Shopping-Assistance\frontend\node_modules\expo-router\build\getRoutesCore.js:514:5)
  validateRouteTreeExports (F:\final year project\A-Real-Time-Autonomous-Smart-Cart-System-for-Human-Retail-Shopping-Assistance\frontend\node_modules\expo-router\build\getRoutesCore.js:516:9)
  getRoutes (F:\final year project\A-Real-Time-Autonomous-Smart-Cart-System-for-Human-Retail-Shopping-Assistance\frontend\node_modules\expo-router\build\getRoutesCore.js:33:9)
  getRoutes (F:\final year project\A-Real-Time-Autonomous-Smart-Cart-System-for-Human-Retail-Shopping-Assistance\frontend\node_modules\expo-router\build\getRoutes.js:20:41)
  useStore (F:\final year project\A-Real-Time-Autonomous-Smart-Cart-System-for-Human-Retail-Shopping-Assistance\frontend\node_modules\expo-router\build\global-state\useStore.js:28:48)
  Component (F:\final year project\A-Real-Time-Autonomous-Smart-Cart-System-for-Human-Retail-Shopping-Assistance\frontend\node_modules\expo-router\build\ExpoRoot.js:122:46)
  Object.callComponentInDEV [as react_stack_bottom_frame] (F:\final year project\A-Real-Time-Autonomous-Smart-Cart-System-for-Human-Retail-Shopping-Assistance\frontend\node_modules\react-dom\cjs\react-dom-server-legacy.node.development.js:9808:18)
  renderWithHooks (F:\final year project\A-Real-Time-Autonomous-Smart-Cart-System-for-Human-Retail-Shopping-Assistance\frontend\node_modules\react-dom\cjs\react-dom-server-legacy.node.development.js:5062:19)
  run (F:\final year project\A-Real-Time-Autonomous-Smart-Cart-System-for-Human-Retail-Shopping-Assistance\frontend\node_modules\react-dom\cjs\react-dom-server-legacy.node.development.js:5497:23)
  retryNode (F:\final year project\A-Real-Time-Autonomous-Smart-Cart-System-for-Human-Retail-Shopping-Assistance\frontend\node_modules\react-dom\cjs\react-dom-server-legacy.node.development.js:6417:31)
  renderNodeDestructive (F:\final year project\A-Real-Time-Autonomous-Smart-Cart-System-for-Human-Retail-Shopping-Assistance\frontend\node_modules\react-dom\cjs\react-dom-server-legacy.node.development.js:6367:11)
  finishFunctionComponent (F:\final year project\A-Real-Time-Autonomous-Smart-Cart-System-for-Human-Retail-Shopping-Assistance\frontend\node_modules\react-dom\cjs\react-dom-server-legacy.node.development.js:5106:13)
  run (F:\final year project\A-Real-Time-Autonomous-Smart-Cart-System-for-Human-Retail-Shopping-Assistance\frontend\node_modules\react-dom\cjs\react-dom-server-legacy.node.development.js:5552:11)
  retryNode (F:\final year project\A-Real-Time-Autonomous-Smart-Cart-System-for-Human-Retail-Shopping-Assistance\frontend\node_modules\react-dom\cjs\react-dom-server-legacy.node.development.js:6417:31)
  renderNodeDestructive (F:\final year project\A-Real-Time-Autonomous-Smart-Cart-System-for-Human-Retail-Shopping-Assistance\frontend\node_modules\react-dom\cjs\react-dom-server-legacy.node.development.js:6367:11)
  finishFunctionComponent (F:\final year project\A-Real-Time-Autonomous-Smart-Cart-System-for-Human-Retail-Shopping-Assistance\frontend\node_modules\react-dom\cjs\react-dom-server-legacy.node.development.js:5106:13)
  run (F:\final year project\A-Real-Time-Autonomous-Smart-Cart-System-for-Human-Retail-Shopping-Assistance\frontend\node_modules\react-dom\cjs\react-dom-server-legacy.node.development.js:5552:11)
  retryNode (F:\final year project\A-Real-Time-Autonomous-Smart-Cart-System-for-Human-Retail-Shopping-Assistance\frontend\node_modules\react-dom\cjs\react-dom-server-legacy.node.development.js:6417:31)
  renderNodeDestructive (F:\final year project\A-Real-Time-Autonomous-Smart-Cart-System-for-Human-Retail-Shopping-Assistance\frontend\node_modules\react-dom\cjs\react-dom-server-legacy.node.development.js:6367:11)
  run (F:\final year project\A-Real-Time-Autonomous-Smart-Cart-System-for-Human-Retail-Shopping-Assistance\frontend\node_modules\react-dom\cjs\react-dom-server-legacy.node.development.js:6063:15)
  retryNode (F:\final year project\A-Real-Time-Autonomous-Smart-Cart-System-for-Human-Retail-Shopping-Assistance\frontend\node_modules\react-dom\cjs\react-dom-server-legacy.node.development.js:6417:31)
  renderNodeDestructive (F:\final year project\A-Real-Time-Autonomous-Smart-Cart-System-for-Human-Retail-Shopping-Assistance\frontend\node_modules\react-dom\cjs\react-dom-server-legacy.node.development.js:6367:11)
  run (F:\final year project\A-Real-Time-Autonomous-Smart-Cart-System-for-Human-Retail-Shopping-Assistance\frontend\node_modules\react-dom\cjs\react-dom-server-legacy.node.development.js:6063:15)
  retryNode (F:\final year project\A-Real-Time-Autonomous-Smart-Cart-System-for-Human-Retail-Shopping-Assistance\frontend\node_modules\react-dom\cjs\react-dom-server-legacy.node.development.js:6417:31)
  renderNodeDestructive (F:\final year project\A-Real-Time-Autonomous-Smart-Cart-System-for-Human-Retail-Shopping-Assistance\frontend\node_modules\react-dom\cjs\react-dom-server-legacy.node.development.js:6367:11)
  finishFunctionComponent (F:\final year project\A-Real-Time-Autonomous-Smart-Cart-System-for-Human-Retail-Shopping-Assistance\frontend\node_modules\react-dom\cjs\react-dom-server-legacy.node.development.js:5106:13)
  run (F:\final year project\A-Real-Time-Autonomous-Smart-Cart-System-for-Human-Retail-Shopping-Assistance\frontend\node_modules\react-dom\cjs\react-dom-server-legacy.node.development.js:5552:11)
  retryNode (F:\final year project\A-Real-Time-Autonomous-Smart-Cart-System-for-Human-Retail-Shopping-Assistance\frontend\node_modules\react-dom\cjs\react-dom-server-legacy.node.development.js:6417:31)
  renderNodeDestructive (F:\final year project\A-Real-Time-Autonomous-Smart-Cart-System-for-Human-Retail-Shopping-Assistance\frontend\node_modules\react-dom\cjs\react-dom-server-legacy.node.development.js:6367:11)
  run (F:\final year project\A-Real-Time-Autonomous-Smart-Cart-System-for-Human-Retail-Shopping-Assistance\frontend\node_modules\react-dom\cjs\react-dom-server-legacy.node.development.js:6063:15)
  retryNode (F:\final year project\A-Real-Time-Autonomous-Smart-Cart-System-for-Human-Retail-Shopping-Assistance\frontend\node_modules\react-dom\cjs\react-dom-server-legacy.node.development.js:6417:31)
  renderNodeDestructive (F:\final year project\A-Real-Time-Autonomous-Smart-Cart-System-for-Human-Retail-Shopping-Assistance\frontend\node_modules\react-dom\cjs\react-dom-server-legacy.node.development.js:6367:11)
  finishFunctionComponent (F:\final year project\A-Real-Time-Autonomous-Smart-Cart-System-for-Human-Retail-Shopping-Assistance\frontend\node_modules\react-dom\cjs\react-dom-server-legacy.node.development.js:5106:13)
  run (F:\final year project\A-Real-Time-Autonomous-Smart-Cart-System-for-Human-Retail-Shopping-Assistance\frontend\node_modules\react-dom\cjs\react-dom-server-legacy.node.development.js:5552:11)
  retryNode (F:\final year project\A-Real-Time-Autonomous-Smart-Cart-System-for-Human-Retail-Shopping-Assistance\frontend\node_modules\react-dom\cjs\react-dom-server-legacy.node.development.js:6417:31)
λ  WARN  "textShadow*" style props are deprecated. Use "textShadow". 
  console.logWithStack [as warn] (F:\final year project\A-Real-Time-Autonomous-Smart-Cart-System-for-Human-Retail-Shopping-Assistance\frontend\node_modules\expo\node_modules\@expo\cli\build\src\start\server\serverLogLikeMetro.js:214:27)
  warnOnce (F:\final year project\A-Real-Time-Autonomous-Smart-Cart-System-for-Human-Retail-Shopping-Assistance\frontend\node_modules\react-native-web\dist\modules\warnOnce\index.js:24:13)
  preprocess (F:\final year project\A-Real-Time-Autonomous-Smart-Cart-System-for-Human-Retail-Shopping-Assistance\frontend\node_modules\react-native-web\dist\exports\StyleSheet\preprocess.js:145:13)
  compileAndInsertAtomic (F:\final year project\A-Real-Time-Autonomous-Smart-Cart-System-for-Human-Retail-Shopping-Assistance\frontend\node_modules\react-native-web\dist\exports\StyleSheet\index.js:56:34)
  <unknown> (F:\final year project\A-Real-Time-Autonomous-Smart-Cart-System-for-Human-Retail-Shopping-Assistance\frontend\node_modules\react-native-web\dist\exports\StyleSheet\index.js:99:26)
  Function.create (F:\final year project\A-Real-Time-Autonomous-Smart-Cart-System-for-Human-Retail-Shopping-Assistance\frontend\node_modules\react-native-web\dist\exports\StyleSheet\index.js:87:23)
  factory (F:\final year project\A-Real-Time-Autonomous-Smart-Cart-System-for-Human-Retail-Shopping-Assistance\frontend\src\app\(customer)\index.tsx:457:27)
  loadModuleImplementation (F:\final year project\A-Real-Time-Autonomous-Smart-Cart-System-for-Human-Retail-Shopping-Assistance\frontend\node_modules\metro\node_modules\metro-runtime\src\polyfills\require.js:285:5)
  guardedLoadModule (F:\final year project\A-Real-Time-Autonomous-Smart-Cart-System-for-Human-Retail-Shopping-Assistance\frontend\node_modules\metro\node_modules\metro-runtime\src\polyfills\require.js:183:21)
  require (F:\final year project\A-Real-Time-Autonomous-Smart-Cart-System-for-Human-Retail-Shopping-Assistance\frontend\node_modules\metro\node_modules\metro-runtime\src\polyfills\require.js:98:7)
  Object.loadRoute (F:\final year project\A-Real-Time-Autonomous-Smart-Cart-System-for-Human-Retail-Shopping-Assistance\frontend\node_modules\expo-router\build\getRoutesCore.js:239:35)
  runtimeValidateRouteNode (F:\final year project\A-Real-Time-Autonomous-Smart-Cart-System-for-Human-Retail-Shopping-Assistance\frontend\node_modules\expo-router\build\getRoutesCore.js:503:32)
  validateRouteTreeExports (F:\final year project\A-Real-Time-Autonomous-Smart-Cart-System-for-Human-Retail-Shopping-Assistance\frontend\node_modules\expo-router\build\getRoutesCore.js:514:5)
  validateRouteTreeExports (F:\final year project\A-Real-Time-Autonomous-Smart-Cart-System-for-Human-Retail-Shopping-Assistance\frontend\node_modules\expo-router\build\getRoutesCore.js:516:9)
  validateRouteTreeExports (F:\final year project\A-Real-Time-Autonomous-Smart-Cart-System-for-Human-Retail-Shopping-Assistance\frontend\node_modules\expo-router\build\getRoutesCore.js:516:9)
  getRoutes (F:\final year project\A-Real-Time-Autonomous-Smart-Cart-System-for-Human-Retail-Shopping-Assistance\frontend\node_modules\expo-router\build\getRoutesCore.js:33:9)
  getRoutes (F:\final year project\A-Real-Time-Autonomous-Smart-Cart-System-for-Human-Retail-Shopping-Assistance\frontend\node_modules\expo-router\build\getRoutes.js:20:41)
  useStore (F:\final year project\A-Real-Time-Autonomous-Smart-Cart-System-for-Human-Retail-Shopping-Assistance\frontend\node_modules\expo-router\build\global-state\useStore.js:28:48)
  Component (F:\final year project\A-Real-Time-Autonomous-Smart-Cart-System-for-Human-Retail-Shopping-Assistance\frontend\node_modules\expo-router\build\ExpoRoot.js:122:46)
  Object.callComponentInDEV [as react_stack_bottom_frame] (F:\final year project\A-Real-Time-Autonomous-Smart-Cart-System-for-Human-Retail-Shopping-Assistance\frontend\node_modules\react-dom\cjs\react-dom-server-legacy.node.development.js:9808:18)
  renderWithHooks (F:\final year project\A-Real-Time-Autonomous-Smart-Cart-System-for-Human-Retail-Shopping-Assistance\frontend\node_modules\react-dom\cjs\react-dom-server-legacy.node.development.js:5062:19)
  run (F:\final year project\A-Real-Time-Autonomous-Smart-Cart-System-for-Human-Retail-Shopping-Assistance\frontend\node_modules\react-dom\cjs\react-dom-server-legacy.node.development.js:5497:23)
  retryNode (F:\final year project\A-Real-Time-Autonomous-Smart-Cart-System-for-Human-Retail-Shopping-Assistance\frontend\node_modules\react-dom\cjs\react-dom-server-legacy.node.development.js:6417:31)
  renderNodeDestructive (F:\final year project\A-Real-Time-Autonomous-Smart-Cart-System-for-Human-Retail-Shopping-Assistance\frontend\node_modules\react-dom\cjs\react-dom-server-legacy.node.development.js:6367:11)
  finishFunctionComponent (F:\final year project\A-Real-Time-Autonomous-Smart-Cart-System-for-Human-Retail-Shopping-Assistance\frontend\node_modules\react-dom\cjs\react-dom-server-legacy.node.development.js:5106:13)
  run (F:\final year project\A-Real-Time-Autonomous-Smart-Cart-System-for-Human-Retail-Shopping-Assistance\frontend\node_modules\react-dom\cjs\react-dom-server-legacy.node.development.js:5552:11)
  retryNode (F:\final year project\A-Real-Time-Autonomous-Smart-Cart-System-for-Human-Retail-Shopping-Assistance\frontend\node_modules\react-dom\cjs\react-dom-server-legacy.node.development.js:6417:31)
  renderNodeDestructive (F:\final year project\A-Real-Time-Autonomous-Smart-Cart-System-for-Human-Retail-Shopping-Assistance\frontend\node_modules\react-dom\cjs\react-dom-server-legacy.node.development.js:6367:11)
  finishFunctionComponent (F:\final year project\A-Real-Time-Autonomous-Smart-Cart-System-for-Human-Retail-Shopping-Assistance\frontend\node_modules\react-dom\cjs\react-dom-server-legacy.node.development.js:5106:13)
  run (F:\final year project\A-Real-Time-Autonomous-Smart-Cart-System-for-Human-Retail-Shopping-Assistance\frontend\node_modules\react-dom\cjs\react-dom-server-legacy.node.development.js:5552:11)
  retryNode (F:\final year project\A-Real-Time-Autonomous-Smart-Cart-System-for-Human-Retail-Shopping-Assistance\frontend\node_modules\react-dom\cjs\react-dom-server-legacy.node.development.js:6417:31)
  renderNodeDestructive (F:\final year project\A-Real-Time-Autonomous-Smart-Cart-System-for-Human-Retail-Shopping-Assistance\frontend\node_modules\react-dom\cjs\react-dom-server-legacy.node.development.js:6367:11)
  run (F:\final year project\A-Real-Time-Autonomous-Smart-Cart-System-for-Human-Retail-Shopping-Assistance\frontend\node_modules\react-dom\cjs\react-dom-server-legacy.node.development.js:6063:15)
  retryNode (F:\final year project\A-Real-Time-Autonomous-Smart-Cart-System-for-Human-Retail-Shopping-Assistance\frontend\node_modules\react-dom\cjs\react-dom-server-legacy.node.development.js:6417:31)
  renderNodeDestructive (F:\final year project\A-Real-Time-Autonomous-Smart-Cart-System-for-Human-Retail-Shopping-Assistance\frontend\node_modules\react-dom\cjs\react-dom-server-legacy.node.development.js:6367:11)
  run (F:\final year project\A-Real-Time-Autonomous-Smart-Cart-System-for-Human-Retail-Shopping-Assistance\frontend\node_modules\react-dom\cjs\react-dom-server-legacy.node.development.js:6063:15)
  retryNode (F:\final year project\A-Real-Time-Autonomous-Smart-Cart-System-for-Human-Retail-Shopping-Assistance\frontend\node_modules\react-dom\cjs\react-dom-server-legacy.node.development.js:6417:31)
  renderNodeDestructive (F:\final year project\A-Real-Time-Autonomous-Smart-Cart-System-for-Human-Retail-Shopping-Assistance\frontend\node_modules\react-dom\cjs\react-dom-server-legacy.node.development.js:6367:11)
  finishFunctionComponent (F:\final year project\A-Real-Time-Autonomous-Smart-Cart-System-for-Human-Retail-Shopping-Assistance\frontend\node_modules\react-dom\cjs\react-dom-server-legacy.node.development.js:5106:13)
  run (F:\final year project\A-Real-Time-Autonomous-Smart-Cart-System-for-Human-Retail-Shopping-Assistance\frontend\node_modules\react-dom\cjs\react-dom-server-legacy.node.development.js:5552:11)
  retryNode (F:\final year project\A-Real-Time-Autonomous-Smart-Cart-System-for-Human-Retail-Shopping-Assistance\frontend\node_modules\react-dom\cjs\react-dom-server-legacy.node.development.js:6417:31)
  renderNodeDestructive (F:\final year project\A-Real-Time-Autonomous-Smart-Cart-System-for-Human-Retail-Shopping-Assistance\frontend\node_modules\react-dom\cjs\react-dom-server-legacy.node.development.js:6367:11)
  run (F:\final year project\A-Real-Time-Autonomous-Smart-Cart-System-for-Human-Retail-Shopping-Assistance\frontend\node_modules\react-dom\cjs\react-dom-server-legacy.node.development.js:6063:15)
  retryNode (F:\final year project\A-Real-Time-Autonomous-Smart-Cart-System-for-Human-Retail-Shopping-Assistance\frontend\node_modules\react-dom\cjs\react-dom-server-legacy.node.development.js:6417:31)
  renderNodeDestructive (F:\final year project\A-Real-Time-Autonomous-Smart-Cart-System-for-Human-Retail-Shopping-Assistance\frontend\node_modules\react-dom\cjs\react-dom-server-legacy.node.development.js:6367:11)
  finishFunctionComponent (F:\final year project\A-Real-Time-Autonomous-Smart-Cart-System-for-Human-Retail-Shopping-Assistance\frontend\node_modules\react-dom\cjs\react-dom-server-legacy.node.development.js:5106:13)
  renderElement (F:\final year project\A-Real-Time-Autonomous-Smart-Cart-System-for-Human-Retail-Shopping-Assistance\frontend\node_modules\react-dom\cjs\react-dom-server-legacy.node.development.js:5552:11)
Web Bundled 643ms node_modules\expo-router\entry.js (1 module)
Web  INFO  %cDownload the React DevTools for a better development experience: https://react.dev/link/react-devtools font-weight:bold
Web  LOG  Running application "main" with appParams:
 {"hydrate": undefined, "rootTag": "#root"} 
Development-level warnings: ON.
Performance optimizations: OFF.
Web  WARN  "shadow*" style props are deprecated. Use "boxShadow".
Web  WARN  "textShadow*" style props are deprecated. Use "textShadow".
Web  ERROR  Missing Authorization Header
Web  WARN  props.pointerEvents is deprecated. Use style.pointerEvents
λ Bundled 72ms node_modules\expo\node_modules\@expo\cli\node_modules\@expo\router-server\node\render.js (1 module)
λ  WARN  "shadow*" style props are deprecated. Use "boxShadow". 
  console.logWithStack [as warn] (F:\final year project\A-Real-Time-Autonomous-Smart-Cart-System-for-Human-Retail-Shopping-Assistance\frontend\node_modules\expo\node_modules\@expo\cli\build\src\start\server\serverLogLikeMetro.js:214:27)
  warnOnce (F:\final year project\A-Real-Time-Autonomous-Smart-Cart-System-for-Human-Retail-Shopping-Assistance\frontend\node_modules\react-native-web\dist\modules\warnOnce\index.js:24:13)
  preprocess (F:\final year project\A-Real-Time-Autonomous-Smart-Cart-System-for-Human-Retail-Shopping-Assistance\frontend\node_modules\react-native-web\dist\exports\StyleSheet\preprocess.js:136:13)
  compileAndInsertAtomic (F:\final year project\A-Real-Time-Autonomous-Smart-Cart-System-for-Human-Retail-Shopping-Assistance\frontend\node_modules\react-native-web\dist\exports\StyleSheet\index.js:56:34)
  <unknown> (F:\final year project\A-Real-Time-Autonomous-Smart-Cart-System-for-Human-Retail-Shopping-Assistance\frontend\node_modules\react-native-web\dist\exports\StyleSheet\index.js:99:26)
  Function.create (F:\final year project\A-Real-Time-Autonomous-Smart-Cart-System-for-Human-Retail-Shopping-Assistance\frontend\node_modules\react-native-web\dist\exports\StyleSheet\index.js:87:23)
  factory (F:\final year project\A-Real-Time-Autonomous-Smart-Cart-System-for-Human-Retail-Shopping-Assistance\frontend\src\app\index.tsx:193:27)
  loadModuleImplementation (F:\final year project\A-Real-Time-Autonomous-Smart-Cart-System-for-Human-Retail-Shopping-Assistance\frontend\node_modules\metro\node_modules\metro-runtime\src\polyfills\require.js:285:5)
  guardedLoadModule (F:\final year project\A-Real-Time-Autonomous-Smart-Cart-System-for-Human-Retail-Shopping-Assistance\frontend\node_modules\metro\node_modules\metro-runtime\src\polyfills\require.js:183:21)
  require (F:\final year project\A-Real-Time-Autonomous-Smart-Cart-System-for-Human-Retail-Shopping-Assistance\frontend\node_modules\metro\node_modules\metro-runtime\src\polyfills\require.js:98:7)
  Object.loadRoute (F:\final year project\A-Real-Time-Autonomous-Smart-Cart-System-for-Human-Retail-Shopping-Assistance\frontend\node_modules\expo-router\build\getRoutesCore.js:239:35)
  runtimeValidateRouteNode (F:\final year project\A-Real-Time-Autonomous-Smart-Cart-System-for-Human-Retail-Shopping-Assistance\frontend\node_modules\expo-router\build\getRoutesCore.js:503:32)
  validateRouteTreeExports (F:\final year project\A-Real-Time-Autonomous-Smart-Cart-System-for-Human-Retail-Shopping-Assistance\frontend\node_modules\expo-router\build\getRoutesCore.js:514:5)
  validateRouteTreeExports (F:\final year project\A-Real-Time-Autonomous-Smart-Cart-System-for-Human-Retail-Shopping-Assistance\frontend\node_modules\expo-router\build\getRoutesCore.js:516:9)
  getRoutes (F:\final year project\A-Real-Time-Autonomous-Smart-Cart-System-for-Human-Retail-Shopping-Assistance\frontend\node_modules\expo-router\build\getRoutesCore.js:33:9)
  getRoutes (F:\final year project\A-Real-Time-Autonomous-Smart-Cart-System-for-Human-Retail-Shopping-Assistance\frontend\node_modules\expo-router\build\getRoutes.js:20:41)
  useStore (F:\final year project\A-Real-Time-Autonomous-Smart-Cart-System-for-Human-Retail-Shopping-Assistance\frontend\node_modules\expo-router\build\global-state\useStore.js:28:48)
  Component (F:\final year project\A-Real-Time-Autonomous-Smart-Cart-System-for-Human-Retail-Shopping-Assistance\frontend\node_modules\expo-router\build\ExpoRoot.js:122:46)
  Object.callComponentInDEV [as react_stack_bottom_frame] (F:\final year project\A-Real-Time-Autonomous-Smart-Cart-System-for-Human-Retail-Shopping-Assistance\frontend\node_modules\react-dom\cjs\react-dom-server-legacy.node.development.js:9808:18)
  renderWithHooks (F:\final year project\A-Real-Time-Autonomous-Smart-Cart-System-for-Human-Retail-Shopping-Assistance\frontend\node_modules\react-dom\cjs\react-dom-server-legacy.node.development.js:5062:19)
  run (F:\final year project\A-Real-Time-Autonomous-Smart-Cart-System-for-Human-Retail-Shopping-Assistance\frontend\node_modules\react-dom\cjs\react-dom-server-legacy.node.development.js:5497:23)
  retryNode (F:\final year project\A-Real-Time-Autonomous-Smart-Cart-System-for-Human-Retail-Shopping-Assistance\frontend\node_modules\react-dom\cjs\react-dom-server-legacy.node.development.js:6417:31)
  renderNodeDestructive (F:\final year project\A-Real-Time-Autonomous-Smart-Cart-System-for-Human-Retail-Shopping-Assistance\frontend\node_modules\react-dom\cjs\react-dom-server-legacy.node.development.js:6367:11)
  finishFunctionComponent (F:\final year project\A-Real-Time-Autonomous-Smart-Cart-System-for-Human-Retail-Shopping-Assistance\frontend\node_modules\react-dom\cjs\react-dom-server-legacy.node.development.js:5106:13)
  run (F:\final year project\A-Real-Time-Autonomous-Smart-Cart-System-for-Human-Retail-Shopping-Assistance\frontend\node_modules\react-dom\cjs\react-dom-server-legacy.node.development.js:5552:11)
  retryNode (F:\final year project\A-Real-Time-Autonomous-Smart-Cart-System-for-Human-Retail-Shopping-Assistance\frontend\node_modules\react-dom\cjs\react-dom-server-legacy.node.development.js:6417:31)
  renderNodeDestructive (F:\final year project\A-Real-Time-Autonomous-Smart-Cart-System-for-Human-Retail-Shopping-Assistance\frontend\node_modules\react-dom\cjs\react-dom-server-legacy.node.development.js:6367:11)
  finishFunctionComponent (F:\final year project\A-Real-Time-Autonomous-Smart-Cart-System-for-Human-Retail-Shopping-Assistance\frontend\node_modules\react-dom\cjs\react-dom-server-legacy.node.development.js:5106:13)
  run (F:\final year project\A-Real-Time-Autonomous-Smart-Cart-System-for-Human-Retail-Shopping-Assistance\frontend\node_modules\react-dom\cjs\react-dom-server-legacy.node.development.js:5552:11)
  retryNode (F:\final year project\A-Real-Time-Autonomous-Smart-Cart-System-for-Human-Retail-Shopping-Assistance\frontend\node_modules\react-dom\cjs\react-dom-server-legacy.node.development.js:6417:31)
  renderNodeDestructive (F:\final year project\A-Real-Time-Autonomous-Smart-Cart-System-for-Human-Retail-Shopping-Assistance\frontend\node_modules\react-dom\cjs\react-dom-server-legacy.node.development.js:6367:11)
  run (F:\final year project\A-Real-Time-Autonomous-Smart-Cart-System-for-Human-Retail-Shopping-Assistance\frontend\node_modules\react-dom\cjs\react-dom-server-legacy.node.development.js:6063:15)
  retryNode (F:\final year project\A-Real-Time-Autonomous-Smart-Cart-System-for-Human-Retail-Shopping-Assistance\frontend\node_modules\react-dom\cjs\react-dom-server-legacy.node.development.js:6417:31)
  renderNodeDestructive (F:\final year project\A-Real-Time-Autonomous-Smart-Cart-System-for-Human-Retail-Shopping-Assistance\frontend\node_modules\react-dom\cjs\react-dom-server-legacy.node.development.js:6367:11)
  run (F:\final year project\A-Real-Time-Autonomous-Smart-Cart-System-for-Human-Retail-Shopping-Assistance\frontend\node_modules\react-dom\cjs\react-dom-server-legacy.node.development.js:6063:15)
  retryNode (F:\final year project\A-Real-Time-Autonomous-Smart-Cart-System-for-Human-Retail-Shopping-Assistance\frontend\node_modules\react-dom\cjs\react-dom-server-legacy.node.development.js:6417:31)
  renderNodeDestructive (F:\final year project\A-Real-Time-Autonomous-Smart-Cart-System-for-Human-Retail-Shopping-Assistance\frontend\node_modules\react-dom\cjs\react-dom-server-legacy.node.development.js:6367:11)
  finishFunctionComponent (F:\final year project\A-Real-Time-Autonomous-Smart-Cart-System-for-Human-Retail-Shopping-Assistance\frontend\node_modules\react-dom\cjs\react-dom-server-legacy.node.development.js:5106:13)
  run (F:\final year project\A-Real-Time-Autonomous-Smart-Cart-System-for-Human-Retail-Shopping-Assistance\frontend\node_modules\react-dom\cjs\react-dom-server-legacy.node.development.js:5552:11)
  retryNode (F:\final year project\A-Real-Time-Autonomous-Smart-Cart-System-for-Human-Retail-Shopping-Assistance\frontend\node_modules\react-dom\cjs\react-dom-server-legacy.node.development.js:6417:31)
  renderNodeDestructive (F:\final year project\A-Real-Time-Autonomous-Smart-Cart-System-for-Human-Retail-Shopping-Assistance\frontend\node_modules\react-dom\cjs\react-dom-server-legacy.node.development.js:6367:11)
  run (F:\final year project\A-Real-Time-Autonomous-Smart-Cart-System-for-Human-Retail-Shopping-Assistance\frontend\node_modules\react-dom\cjs\react-dom-server-legacy.node.development.js:6063:15)
  retryNode (F:\final year project\A-Real-Time-Autonomous-Smart-Cart-System-for-Human-Retail-Shopping-Assistance\frontend\node_modules\react-dom\cjs\react-dom-server-legacy.node.development.js:6417:31)
  renderNodeDestructive (F:\final year project\A-Real-Time-Autonomous-Smart-Cart-System-for-Human-Retail-Shopping-Assistance\frontend\node_modules\react-dom\cjs\react-dom-server-legacy.node.development.js:6367:11)
  finishFunctionComponent (F:\final year project\A-Real-Time-Autonomous-Smart-Cart-System-for-Human-Retail-Shopping-Assistance\frontend\node_modules\react-dom\cjs\react-dom-server-legacy.node.development.js:5106:13)
  run (F:\final year project\A-Real-Time-Autonomous-Smart-Cart-System-for-Human-Retail-Shopping-Assistance\frontend\node_modules\react-dom\cjs\react-dom-server-legacy.node.development.js:5552:11)
  retryNode (F:\final year project\A-Real-Time-Autonomous-Smart-Cart-System-for-Human-Retail-Shopping-Assistance\frontend\node_modules\react-dom\cjs\react-dom-server-legacy.node.development.js:6417:31)
λ  WARN  "textShadow*" style props are deprecated. Use "textShadow". 
  console.logWithStack [as warn] (F:\final year project\A-Real-Time-Autonomous-Smart-Cart-System-for-Human-Retail-Shopping-Assistance\frontend\node_modules\expo\node_modules\@expo\cli\build\src\start\server\serverLogLikeMetro.js:214:27)
  warnOnce (F:\final year project\A-Real-Time-Autonomous-Smart-Cart-System-for-Human-Retail-Shopping-Assistance\frontend\node_modules\react-native-web\dist\modules\warnOnce\index.js:24:13)
  preprocess (F:\final year project\A-Real-Time-Autonomous-Smart-Cart-System-for-Human-Retail-Shopping-Assistance\frontend\node_modules\react-native-web\dist\exports\StyleSheet\preprocess.js:145:13)
  compileAndInsertAtomic (F:\final year project\A-Real-Time-Autonomous-Smart-Cart-System-for-Human-Retail-Shopping-Assistance\frontend\node_modules\react-native-web\dist\exports\StyleSheet\index.js:56:34)
  <unknown> (F:\final year project\A-Real-Time-Autonomous-Smart-Cart-System-for-Human-Retail-Shopping-Assistance\frontend\node_modules\react-native-web\dist\exports\StyleSheet\index.js:99:26)
  Function.create (F:\final year project\A-Real-Time-Autonomous-Smart-Cart-System-for-Human-Retail-Shopping-Assistance\frontend\node_modules\react-native-web\dist\exports\StyleSheet\index.js:87:23)
  factory (F:\final year project\A-Real-Time-Autonomous-Smart-Cart-System-for-Human-Retail-Shopping-Assistance\frontend\src\app\(customer)\index.tsx:457:27)
  loadModuleImplementation (F:\final year project\A-Real-Time-Autonomous-Smart-Cart-System-for-Human-Retail-Shopping-Assistance\frontend\node_modules\metro\node_modules\metro-runtime\src\polyfills\require.js:285:5)
  guardedLoadModule (F:\final year project\A-Real-Time-Autonomous-Smart-Cart-System-for-Human-Retail-Shopping-Assistance\frontend\node_modules\metro\node_modules\metro-runtime\src\polyfills\require.js:183:21)
  require (F:\final year project\A-Real-Time-Autonomous-Smart-Cart-System-for-Human-Retail-Shopping-Assistance\frontend\node_modules\metro\node_modules\metro-runtime\src\polyfills\require.js:98:7)
  Object.loadRoute (F:\final year project\A-Real-Time-Autonomous-Smart-Cart-System-for-Human-Retail-Shopping-Assistance\frontend\node_modules\expo-router\build\getRoutesCore.js:239:35)
  runtimeValidateRouteNode (F:\final year project\A-Real-Time-Autonomous-Smart-Cart-System-for-Human-Retail-Shopping-Assistance\frontend\node_modules\expo-router\build\getRoutesCore.js:503:32)
  validateRouteTreeExports (F:\final year project\A-Real-Time-Autonomous-Smart-Cart-System-for-Human-Retail-Shopping-Assistance\frontend\node_modules\expo-router\build\getRoutesCore.js:514:5)
  validateRouteTreeExports (F:\final year project\A-Real-Time-Autonomous-Smart-Cart-System-for-Human-Retail-Shopping-Assistance\frontend\node_modules\expo-router\build\getRoutesCore.js:516:9)
  validateRouteTreeExports (F:\final year project\A-Real-Time-Autonomous-Smart-Cart-System-for-Human-Retail-Shopping-Assistance\frontend\node_modules\expo-router\build\getRoutesCore.js:516:9)
  getRoutes (F:\final year project\A-Real-Time-Autonomous-Smart-Cart-System-for-Human-Retail-Shopping-Assistance\frontend\node_modules\expo-router\build\getRoutesCore.js:33:9)
  getRoutes (F:\final year project\A-Real-Time-Autonomous-Smart-Cart-System-for-Human-Retail-Shopping-Assistance\frontend\node_modules\expo-router\build\getRoutes.js:20:41)
  useStore (F:\final year project\A-Real-Time-Autonomous-Smart-Cart-System-for-Human-Retail-Shopping-Assistance\frontend\node_modules\expo-router\build\global-state\useStore.js:28:48)
  Component (F:\final year project\A-Real-Time-Autonomous-Smart-Cart-System-for-Human-Retail-Shopping-Assistance\frontend\node_modules\expo-router\build\ExpoRoot.js:122:46)
  Object.callComponentInDEV [as react_stack_bottom_frame] (F:\final year project\A-Real-Time-Autonomous-Smart-Cart-System-for-Human-Retail-Shopping-Assistance\frontend\node_modules\react-dom\cjs\react-dom-server-legacy.node.development.js:9808:18)
  renderWithHooks (F:\final year project\A-Real-Time-Autonomous-Smart-Cart-System-for-Human-Retail-Shopping-Assistance\frontend\node_modules\react-dom\cjs\react-dom-server-legacy.node.development.js:5062:19)
  run (F:\final year project\A-Real-Time-Autonomous-Smart-Cart-System-for-Human-Retail-Shopping-Assistance\frontend\node_modules\react-dom\cjs\react-dom-server-legacy.node.development.js:5497:23)
  retryNode (F:\final year project\A-Real-Time-Autonomous-Smart-Cart-System-for-Human-Retail-Shopping-Assistance\frontend\node_modules\react-dom\cjs\react-dom-server-legacy.node.development.js:6417:31)
  renderNodeDestructive (F:\final year project\A-Real-Time-Autonomous-Smart-Cart-System-for-Human-Retail-Shopping-Assistance\frontend\node_modules\react-dom\cjs\react-dom-server-legacy.node.development.js:6367:11)
  finishFunctionComponent (F:\final year project\A-Real-Time-Autonomous-Smart-Cart-System-for-Human-Retail-Shopping-Assistance\frontend\node_modules\react-dom\cjs\react-dom-server-legacy.node.development.js:5106:13)
  run (F:\final year project\A-Real-Time-Autonomous-Smart-Cart-System-for-Human-Retail-Shopping-Assistance\frontend\node_modules\react-dom\cjs\react-dom-server-legacy.node.development.js:5552:11)
  retryNode (F:\final year project\A-Real-Time-Autonomous-Smart-Cart-System-for-Human-Retail-Shopping-Assistance\frontend\node_modules\react-dom\cjs\react-dom-server-legacy.node.development.js:6417:31)
  renderNodeDestructive (F:\final year project\A-Real-Time-Autonomous-Smart-Cart-System-for-Human-Retail-Shopping-Assistance\frontend\node_modules\react-dom\cjs\react-dom-server-legacy.node.development.js:6367:11)
  finishFunctionComponent (F:\final year project\A-Real-Time-Autonomous-Smart-Cart-System-for-Human-Retail-Shopping-Assistance\frontend\node_modules\react-dom\cjs\react-dom-server-legacy.node.development.js:5106:13)
  run (F:\final year project\A-Real-Time-Autonomous-Smart-Cart-System-for-Human-Retail-Shopping-Assistance\frontend\node_modules\react-dom\cjs\react-dom-server-legacy.node.development.js:5552:11)
  retryNode (F:\final year project\A-Real-Time-Autonomous-Smart-Cart-System-for-Human-Retail-Shopping-Assistance\frontend\node_modules\react-dom\cjs\react-dom-server-legacy.node.development.js:6417:31)
  renderNodeDestructive (F:\final year project\A-Real-Time-Autonomous-Smart-Cart-System-for-Human-Retail-Shopping-Assistance\frontend\node_modules\react-dom\cjs\react-dom-server-legacy.node.development.js:6367:11)
  run (F:\final year project\A-Real-Time-Autonomous-Smart-Cart-System-for-Human-Retail-Shopping-Assistance\frontend\node_modules\react-dom\cjs\react-dom-server-legacy.node.development.js:6063:15)
  retryNode (F:\final year project\A-Real-Time-Autonomous-Smart-Cart-System-for-Human-Retail-Shopping-Assistance\frontend\node_modules\react-dom\cjs\react-dom-server-legacy.node.development.js:6417:31)
  renderNodeDestructive (F:\final year project\A-Real-Time-Autonomous-Smart-Cart-System-for-Human-Retail-Shopping-Assistance\frontend\node_modules\react-dom\cjs\react-dom-server-legacy.node.development.js:6367:11)
  run (F:\final year project\A-Real-Time-Autonomous-Smart-Cart-System-for-Human-Retail-Shopping-Assistance\frontend\node_modules\react-dom\cjs\react-dom-server-legacy.node.development.js:6063:15)
  retryNode (F:\final year project\A-Real-Time-Autonomous-Smart-Cart-System-for-Human-Retail-Shopping-Assistance\frontend\node_modules\react-dom\cjs\react-dom-server-legacy.node.development.js:6417:31)
  renderNodeDestructive (F:\final year project\A-Real-Time-Autonomous-Smart-Cart-System-for-Human-Retail-Shopping-Assistance\frontend\node_modules\react-dom\cjs\react-dom-server-legacy.node.development.js:6367:11)
  finishFunctionComponent (F:\final year project\A-Real-Time-Autonomous-Smart-Cart-System-for-Human-Retail-Shopping-Assistance\frontend\node_modules\react-dom\cjs\react-dom-server-legacy.node.development.js:5106:13)
  run (F:\final year project\A-Real-Time-Autonomous-Smart-Cart-System-for-Human-Retail-Shopping-Assistance\frontend\node_modules\react-dom\cjs\react-dom-server-legacy.node.development.js:5552:11)
  retryNode (F:\final year project\A-Real-Time-Autonomous-Smart-Cart-System-for-Human-Retail-Shopping-Assistance\frontend\node_modules\react-dom\cjs\react-dom-server-legacy.node.development.js:6417:31)
  renderNodeDestructive (F:\final year project\A-Real-Time-Autonomous-Smart-Cart-System-for-Human-Retail-Shopping-Assistance\frontend\node_modules\react-dom\cjs\react-dom-server-legacy.node.development.js:6367:11)
  run (F:\final year project\A-Real-Time-Autonomous-Smart-Cart-System-for-Human-Retail-Shopping-Assistance\frontend\node_modules\react-dom\cjs\react-dom-server-legacy.node.development.js:6063:15)
  retryNode (F:\final year project\A-Real-Time-Autonomous-Smart-Cart-System-for-Human-Retail-Shopping-Assistance\frontend\node_modules\react-dom\cjs\react-dom-server-legacy.node.development.js:6417:31)
  renderNodeDestructive (F:\final year project\A-Real-Time-Autonomous-Smart-Cart-System-for-Human-Retail-Shopping-Assistance\frontend\node_modules\react-dom\cjs\react-dom-server-legacy.node.development.js:6367:11)
  finishFunctionComponent (F:\final year project\A-Real-Time-Autonomous-Smart-Cart-System-for-Human-Retail-Shopping-Assistance\frontend\node_modules\react-dom\cjs\react-dom-server-legacy.node.development.js:5106:13)
  renderElement (F:\final year project\A-Real-Time-Autonomous-Smart-Cart-System-for-Human-Retail-Shopping-Assistance\frontend\node_modules\react-dom\cjs\react-dom-server-legacy.node.development.js:5552:11)
Web Bundled 777ms node_modules\expo-router\entry.js (1 module)
Web Bundled 60ms node_modules\expo-router\entry.js (1 module)
λ Bundled 63ms node_modules\expo\node_modules\@expo\cli\node_modules\@expo\router-server\node\render.js (1 module)
λ  WARN  "shadow*" style props are deprecated. Use "boxShadow". 
  console.logWithStack [as warn] (F:\final year project\A-Real-Time-Autonomous-Smart-Cart-System-for-Human-Retail-Shopping-Assistance\frontend\node_modules\expo\node_modules\@expo\cli\build\src\start\server\serverLogLikeMetro.js:214:27)
  warnOnce (F:\final year project\A-Real-Time-Autonomous-Smart-Cart-System-for-Human-Retail-Shopping-Assistance\frontend\node_modules\react-native-web\dist\modules\warnOnce\index.js:24:13)
  preprocess (F:\final year project\A-Real-Time-Autonomous-Smart-Cart-System-for-Human-Retail-Shopping-Assistance\frontend\node_modules\react-native-web\dist\exports\StyleSheet\preprocess.js:136:13)
  compileAndInsertAtomic (F:\final year project\A-Real-Time-Autonomous-Smart-Cart-System-for-Human-Retail-Shopping-Assistance\frontend\node_modules\react-native-web\dist\exports\StyleSheet\index.js:56:34)
  <unknown> (F:\final year project\A-Real-Time-Autonomous-Smart-Cart-System-for-Human-Retail-Shopping-Assistance\frontend\node_modules\react-native-web\dist\exports\StyleSheet\index.js:99:26)
  Function.create (F:\final year project\A-Real-Time-Autonomous-Smart-Cart-System-for-Human-Retail-Shopping-Assistance\frontend\node_modules\react-native-web\dist\exports\StyleSheet\index.js:87:23)
  factory (F:\final year project\A-Real-Time-Autonomous-Smart-Cart-System-for-Human-Retail-Shopping-Assistance\frontend\src\app\index.tsx:193:27)
  loadModuleImplementation (F:\final year project\A-Real-Time-Autonomous-Smart-Cart-System-for-Human-Retail-Shopping-Assistance\frontend\node_modules\metro\node_modules\metro-runtime\src\polyfills\require.js:285:5)
  guardedLoadModule (F:\final year project\A-Real-Time-Autonomous-Smart-Cart-System-for-Human-Retail-Shopping-Assistance\frontend\node_modules\metro\node_modules\metro-runtime\src\polyfills\require.js:183:21)
  require (F:\final year project\A-Real-Time-Autonomous-Smart-Cart-System-for-Human-Retail-Shopping-Assistance\frontend\node_modules\metro\node_modules\metro-runtime\src\polyfills\require.js:98:7)
  Object.loadRoute (F:\final year project\A-Real-Time-Autonomous-Smart-Cart-System-for-Human-Retail-Shopping-Assistance\frontend\node_modules\expo-router\build\getRoutesCore.js:239:35)
  runtimeValidateRouteNode (F:\final year project\A-Real-Time-Autonomous-Smart-Cart-System-for-Human-Retail-Shopping-Assistance\frontend\node_modules\expo-router\build\getRoutesCore.js:503:32)
  validateRouteTreeExports (F:\final year project\A-Real-Time-Autonomous-Smart-Cart-System-for-Human-Retail-Shopping-Assistance\frontend\node_modules\expo-router\build\getRoutesCore.js:514:5)
  validateRouteTreeExports (F:\final year project\A-Real-Time-Autonomous-Smart-Cart-System-for-Human-Retail-Shopping-Assistance\frontend\node_modules\expo-router\build\getRoutesCore.js:516:9)
  getRoutes (F:\final year project\A-Real-Time-Autonomous-Smart-Cart-System-for-Human-Retail-Shopping-Assistance\frontend\node_modules\expo-router\build\getRoutesCore.js:33:9)
  getRoutes (F:\final year project\A-Real-Time-Autonomous-Smart-Cart-System-for-Human-Retail-Shopping-Assistance\frontend\node_modules\expo-router\build\getRoutes.js:20:41)
  useStore (F:\final year project\A-Real-Time-Autonomous-Smart-Cart-System-for-Human-Retail-Shopping-Assistance\frontend\node_modules\expo-router\build\global-state\useStore.js:28:48)
  Component (F:\final year project\A-Real-Time-Autonomous-Smart-Cart-System-for-Human-Retail-Shopping-Assistance\frontend\node_modules\expo-router\build\ExpoRoot.js:122:46)
  Object.callComponentInDEV [as react_stack_bottom_frame] (F:\final year project\A-Real-Time-Autonomous-Smart-Cart-System-for-Human-Retail-Shopping-Assistance\frontend\node_modules\react-dom\cjs\react-dom-server-legacy.node.development.js:9808:18)
  renderWithHooks (F:\final year project\A-Real-Time-Autonomous-Smart-Cart-System-for-Human-Retail-Shopping-Assistance\frontend\node_modules\react-dom\cjs\react-dom-server-legacy.node.development.js:5062:19)
  run (F:\final year project\A-Real-Time-Autonomous-Smart-Cart-System-for-Human-Retail-Shopping-Assistance\frontend\node_modules\react-dom\cjs\react-dom-server-legacy.node.development.js:5497:23)
  retryNode (F:\final year project\A-Real-Time-Autonomous-Smart-Cart-System-for-Human-Retail-Shopping-Assistance\frontend\node_modules\react-dom\cjs\react-dom-server-legacy.node.development.js:6417:31)
  renderNodeDestructive (F:\final year project\A-Real-Time-Autonomous-Smart-Cart-System-for-Human-Retail-Shopping-Assistance\frontend\node_modules\react-dom\cjs\react-dom-server-legacy.node.development.js:6367:11)
  finishFunctionComponent (F:\final year project\A-Real-Time-Autonomous-Smart-Cart-System-for-Human-Retail-Shopping-Assistance\frontend\node_modules\react-dom\cjs\react-dom-server-legacy.node.development.js:5106:13)
  run (F:\final year project\A-Real-Time-Autonomous-Smart-Cart-System-for-Human-Retail-Shopping-Assistance\frontend\node_modules\react-dom\cjs\react-dom-server-legacy.node.development.js:5552:11)
  retryNode (F:\final year project\A-Real-Time-Autonomous-Smart-Cart-System-for-Human-Retail-Shopping-Assistance\frontend\node_modules\react-dom\cjs\react-dom-server-legacy.node.development.js:6417:31)
  renderNodeDestructive (F:\final year project\A-Real-Time-Autonomous-Smart-Cart-System-for-Human-Retail-Shopping-Assistance\frontend\node_modules\react-dom\cjs\react-dom-server-legacy.node.development.js:6367:11)
  finishFunctionComponent (F:\final year project\A-Real-Time-Autonomous-Smart-Cart-System-for-Human-Retail-Shopping-Assistance\frontend\node_modules\react-dom\cjs\react-dom-server-legacy.node.development.js:5106:13)
  run (F:\final year project\A-Real-Time-Autonomous-Smart-Cart-System-for-Human-Retail-Shopping-Assistance\frontend\node_modules\react-dom\cjs\react-dom-server-legacy.node.development.js:5552:11)
  retryNode (F:\final year project\A-Real-Time-Autonomous-Smart-Cart-System-for-Human-Retail-Shopping-Assistance\frontend\node_modules\react-dom\cjs\react-dom-server-legacy.node.development.js:6417:31)
  renderNodeDestructive (F:\final year project\A-Real-Time-Autonomous-Smart-Cart-System-for-Human-Retail-Shopping-Assistance\frontend\node_modules\react-dom\cjs\react-dom-server-legacy.node.development.js:6367:11)
  run (F:\final year project\A-Real-Time-Autonomous-Smart-Cart-System-for-Human-Retail-Shopping-Assistance\frontend\node_modules\react-dom\cjs\react-dom-server-legacy.node.development.js:6063:15)
  retryNode (F:\final year project\A-Real-Time-Autonomous-Smart-Cart-System-for-Human-Retail-Shopping-Assistance\frontend\node_modules\react-dom\cjs\react-dom-server-legacy.node.development.js:6417:31)
  renderNodeDestructive (F:\final year project\A-Real-Time-Autonomous-Smart-Cart-System-for-Human-Retail-Shopping-Assistance\frontend\node_modules\react-dom\cjs\react-dom-server-legacy.node.development.js:6367:11)
  run (F:\final year project\A-Real-Time-Autonomous-Smart-Cart-System-for-Human-Retail-Shopping-Assistance\frontend\node_modules\react-dom\cjs\react-dom-server-legacy.node.development.js:6063:15)
  retryNode (F:\final year project\A-Real-Time-Autonomous-Smart-Cart-System-for-Human-Retail-Shopping-Assistance\frontend\node_modules\react-dom\cjs\react-dom-server-legacy.node.development.js:6417:31)
  renderNodeDestructive (F:\final year project\A-Real-Time-Autonomous-Smart-Cart-System-for-Human-Retail-Shopping-Assistance\frontend\node_modules\react-dom\cjs\react-dom-server-legacy.node.development.js:6367:11)
  finishFunctionComponent (F:\final year project\A-Real-Time-Autonomous-Smart-Cart-System-for-Human-Retail-Shopping-Assistance\frontend\node_modules\react-dom\cjs\react-dom-server-legacy.node.development.js:5106:13)
  run (F:\final year project\A-Real-Time-Autonomous-Smart-Cart-System-for-Human-Retail-Shopping-Assistance\frontend\node_modules\react-dom\cjs\react-dom-server-legacy.node.development.js:5552:11)
  retryNode (F:\final year project\A-Real-Time-Autonomous-Smart-Cart-System-for-Human-Retail-Shopping-Assistance\frontend\node_modules\react-dom\cjs\react-dom-server-legacy.node.development.js:6417:31)
  renderNodeDestructive (F:\final year project\A-Real-Time-Autonomous-Smart-Cart-System-for-Human-Retail-Shopping-Assistance\frontend\node_modules\react-dom\cjs\react-dom-server-legacy.node.development.js:6367:11)
  run (F:\final year project\A-Real-Time-Autonomous-Smart-Cart-System-for-Human-Retail-Shopping-Assistance\frontend\node_modules\react-dom\cjs\react-dom-server-legacy.node.development.js:6063:15)
  retryNode (F:\final year project\A-Real-Time-Autonomous-Smart-Cart-System-for-Human-Retail-Shopping-Assistance\frontend\node_modules\react-dom\cjs\react-dom-server-legacy.node.development.js:6417:31)
  renderNodeDestructive (F:\final year project\A-Real-Time-Autonomous-Smart-Cart-System-for-Human-Retail-Shopping-Assistance\frontend\node_modules\react-dom\cjs\react-dom-server-legacy.node.development.js:6367:11)
  finishFunctionComponent (F:\final year project\A-Real-Time-Autonomous-Smart-Cart-System-for-Human-Retail-Shopping-Assistance\frontend\node_modules\react-dom\cjs\react-dom-server-legacy.node.development.js:5106:13)
  run (F:\final year project\A-Real-Time-Autonomous-Smart-Cart-System-for-Human-Retail-Shopping-Assistance\frontend\node_modules\react-dom\cjs\react-dom-server-legacy.node.development.js:5552:11)
  retryNode (F:\final year project\A-Real-Time-Autonomous-Smart-Cart-System-for-Human-Retail-Shopping-Assistance\frontend\node_modules\react-dom\cjs\react-dom-server-legacy.node.development.js:6417:31)
λ  WARN  "textShadow*" style props are deprecated. Use "textShadow". 
  console.logWithStack [as warn] (F:\final year project\A-Real-Time-Autonomous-Smart-Cart-System-for-Human-Retail-Shopping-Assistance\frontend\node_modules\expo\node_modules\@expo\cli\build\src\start\server\serverLogLikeMetro.js:214:27)
  warnOnce (F:\final year project\A-Real-Time-Autonomous-Smart-Cart-System-for-Human-Retail-Shopping-Assistance\frontend\node_modules\react-native-web\dist\modules\warnOnce\index.js:24:13)
  preprocess (F:\final year project\A-Real-Time-Autonomous-Smart-Cart-System-for-Human-Retail-Shopping-Assistance\frontend\node_modules\react-native-web\dist\exports\StyleSheet\preprocess.js:145:13)
  compileAndInsertAtomic (F:\final year project\A-Real-Time-Autonomous-Smart-Cart-System-for-Human-Retail-Shopping-Assistance\frontend\node_modules\react-native-web\dist\exports\StyleSheet\index.js:56:34)
  <unknown> (F:\final year project\A-Real-Time-Autonomous-Smart-Cart-System-for-Human-Retail-Shopping-Assistance\frontend\node_modules\react-native-web\dist\exports\StyleSheet\index.js:99:26)
  Function.create (F:\final year project\A-Real-Time-Autonomous-Smart-Cart-System-for-Human-Retail-Shopping-Assistance\frontend\node_modules\react-native-web\dist\exports\StyleSheet\index.js:87:23)
  factory (F:\final year project\A-Real-Time-Autonomous-Smart-Cart-System-for-Human-Retail-Shopping-Assistance\frontend\src\app\(customer)\index.tsx:457:27)
  loadModuleImplementation (F:\final year project\A-Real-Time-Autonomous-Smart-Cart-System-for-Human-Retail-Shopping-Assistance\frontend\node_modules\metro\node_modules\metro-runtime\src\polyfills\require.js:285:5)
  guardedLoadModule (F:\final year project\A-Real-Time-Autonomous-Smart-Cart-System-for-Human-Retail-Shopping-Assistance\frontend\node_modules\metro\node_modules\metro-runtime\src\polyfills\require.js:183:21)
  require (F:\final year project\A-Real-Time-Autonomous-Smart-Cart-System-for-Human-Retail-Shopping-Assistance\frontend\node_modules\metro\node_modules\metro-runtime\src\polyfills\require.js:98:7)
  Object.loadRoute (F:\final year project\A-Real-Time-Autonomous-Smart-Cart-System-for-Human-Retail-Shopping-Assistance\frontend\node_modules\expo-router\build\getRoutesCore.js:239:35)
  runtimeValidateRouteNode (F:\final year project\A-Real-Time-Autonomous-Smart-Cart-System-for-Human-Retail-Shopping-Assistance\frontend\node_modules\expo-router\build\getRoutesCore.js:503:32)
  validateRouteTreeExports (F:\final year project\A-Real-Time-Autonomous-Smart-Cart-System-for-Human-Retail-Shopping-Assistance\frontend\node_modules\expo-router\build\getRoutesCore.js:514:5)
  validateRouteTreeExports (F:\final year project\A-Real-Time-Autonomous-Smart-Cart-System-for-Human-Retail-Shopping-Assistance\frontend\node_modules\expo-router\build\getRoutesCore.js:516:9)
  validateRouteTreeExports (F:\final year project\A-Real-Time-Autonomous-Smart-Cart-System-for-Human-Retail-Shopping-Assistance\frontend\node_modules\expo-router\build\getRoutesCore.js:516:9)
  getRoutes (F:\final year project\A-Real-Time-Autonomous-Smart-Cart-System-for-Human-Retail-Shopping-Assistance\frontend\node_modules\expo-router\build\getRoutesCore.js:33:9)
  getRoutes (F:\final year project\A-Real-Time-Autonomous-Smart-Cart-System-for-Human-Retail-Shopping-Assistance\frontend\node_modules\expo-router\build\getRoutes.js:20:41)
  useStore (F:\final year project\A-Real-Time-Autonomous-Smart-Cart-System-for-Human-Retail-Shopping-Assistance\frontend\node_modules\expo-router\build\global-state\useStore.js:28:48)
  Component (F:\final year project\A-Real-Time-Autonomous-Smart-Cart-System-for-Human-Retail-Shopping-Assistance\frontend\node_modules\expo-router\build\ExpoRoot.js:122:46)
  Object.callComponentInDEV [as react_stack_bottom_frame] (F:\final year project\A-Real-Time-Autonomous-Smart-Cart-System-for-Human-Retail-Shopping-Assistance\frontend\node_modules\react-dom\cjs\react-dom-server-legacy.node.development.js:9808:18)
  renderWithHooks (F:\final year project\A-Real-Time-Autonomous-Smart-Cart-System-for-Human-Retail-Shopping-Assistance\frontend\node_modules\react-dom\cjs\react-dom-server-legacy.node.development.js:5062:19)
  run (F:\final year project\A-Real-Time-Autonomous-Smart-Cart-System-for-Human-Retail-Shopping-Assistance\frontend\node_modules\react-dom\cjs\react-dom-server-legacy.node.development.js:5497:23)
  retryNode (F:\final year project\A-Real-Time-Autonomous-Smart-Cart-System-for-Human-Retail-Shopping-Assistance\frontend\node_modules\react-dom\cjs\react-dom-server-legacy.node.development.js:6417:31)
  renderNodeDestructive (F:\final year project\A-Real-Time-Autonomous-Smart-Cart-System-for-Human-Retail-Shopping-Assistance\frontend\node_modules\react-dom\cjs\react-dom-server-legacy.node.development.js:6367:11)
  finishFunctionComponent (F:\final year project\A-Real-Time-Autonomous-Smart-Cart-System-for-Human-Retail-Shopping-Assistance\frontend\node_modules\react-dom\cjs\react-dom-server-legacy.node.development.js:5106:13)
  run (F:\final year project\A-Real-Time-Autonomous-Smart-Cart-System-for-Human-Retail-Shopping-Assistance\frontend\node_modules\react-dom\cjs\react-dom-server-legacy.node.development.js:5552:11)
  retryNode (F:\final year project\A-Real-Time-Autonomous-Smart-Cart-System-for-Human-Retail-Shopping-Assistance\frontend\node_modules\react-dom\cjs\react-dom-server-legacy.node.development.js:6417:31)
  renderNodeDestructive (F:\final year project\A-Real-Time-Autonomous-Smart-Cart-System-for-Human-Retail-Shopping-Assistance\frontend\node_modules\react-dom\cjs\react-dom-server-legacy.node.development.js:6367:11)
  finishFunctionComponent (F:\final year project\A-Real-Time-Autonomous-Smart-Cart-System-for-Human-Retail-Shopping-Assistance\frontend\node_modules\react-dom\cjs\react-dom-server-legacy.node.development.js:5106:13)
  run (F:\final year project\A-Real-Time-Autonomous-Smart-Cart-System-for-Human-Retail-Shopping-Assistance\frontend\node_modules\react-dom\cjs\react-dom-server-legacy.node.development.js:5552:11)
  retryNode (F:\final year project\A-Real-Time-Autonomous-Smart-Cart-System-for-Human-Retail-Shopping-Assistance\frontend\node_modules\react-dom\cjs\react-dom-server-legacy.node.development.js:6417:31)
  renderNodeDestructive (F:\final year project\A-Real-Time-Autonomous-Smart-Cart-System-for-Human-Retail-Shopping-Assistance\frontend\node_modules\react-dom\cjs\react-dom-server-legacy.node.development.js:6367:11)
  run (F:\final year project\A-Real-Time-Autonomous-Smart-Cart-System-for-Human-Retail-Shopping-Assistance\frontend\node_modules\react-dom\cjs\react-dom-server-legacy.node.development.js:6063:15)
  retryNode (F:\final year project\A-Real-Time-Autonomous-Smart-Cart-System-for-Human-Retail-Shopping-Assistance\frontend\node_modules\react-dom\cjs\react-dom-server-legacy.node.development.js:6417:31)
  renderNodeDestructive (F:\final year project\A-Real-Time-Autonomous-Smart-Cart-System-for-Human-Retail-Shopping-Assistance\frontend\node_modules\react-dom\cjs\react-dom-server-legacy.node.development.js:6367:11)
  run (F:\final year project\A-Real-Time-Autonomous-Smart-Cart-System-for-Human-Retail-Shopping-Assistance\frontend\node_modules\react-dom\cjs\react-dom-server-legacy.node.development.js:6063:15)
  retryNode (F:\final year project\A-Real-Time-Autonomous-Smart-Cart-System-for-Human-Retail-Shopping-Assistance\frontend\node_modules\react-dom\cjs\react-dom-server-legacy.node.development.js:6417:31)
  renderNodeDestructive (F:\final year project\A-Real-Time-Autonomous-Smart-Cart-System-for-Human-Retail-Shopping-Assistance\frontend\node_modules\react-dom\cjs\react-dom-server-legacy.node.development.js:6367:11)
  finishFunctionComponent (F:\final year project\A-Real-Time-Autonomous-Smart-Cart-System-for-Human-Retail-Shopping-Assistance\frontend\node_modules\react-dom\cjs\react-dom-server-legacy.node.development.js:5106:13)
  run (F:\final year project\A-Real-Time-Autonomous-Smart-Cart-System-for-Human-Retail-Shopping-Assistance\frontend\node_modules\react-dom\cjs\react-dom-server-legacy.node.development.js:5552:11)
  retryNode (F:\final year project\A-Real-Time-Autonomous-Smart-Cart-System-for-Human-Retail-Shopping-Assistance\frontend\node_modules\react-dom\cjs\react-dom-server-legacy.node.development.js:6417:31)
  renderNodeDestructive (F:\final year project\A-Real-Time-Autonomous-Smart-Cart-System-for-Human-Retail-Shopping-Assistance\frontend\node_modules\react-dom\cjs\react-dom-server-legacy.node.development.js:6367:11)
  run (F:\final year project\A-Real-Time-Autonomous-Smart-Cart-System-for-Human-Retail-Shopping-Assistance\frontend\node_modules\react-dom\cjs\react-dom-server-legacy.node.development.js:6063:15)
  retryNode (F:\final year project\A-Real-Time-Autonomous-Smart-Cart-System-for-Human-Retail-Shopping-Assistance\frontend\node_modules\react-dom\cjs\react-dom-server-legacy.node.development.js:6417:31)
  renderNodeDestructive (F:\final year project\A-Real-Time-Autonomous-Smart-Cart-System-for-Human-Retail-Shopping-Assistance\frontend\node_modules\react-dom\cjs\react-dom-server-legacy.node.development.js:6367:11)
  finishFunctionComponent (F:\final year project\A-Real-Time-Autonomous-Smart-Cart-System-for-Human-Retail-Shopping-Assistance\frontend\node_modules\react-dom\cjs\react-dom-server-legacy.node.development.js:5106:13)
  renderElement (F:\final year project\A-Real-Time-Autonomous-Smart-Cart-System-for-Human-Retail-Shopping-Assistance\frontend\node_modules\react-dom\cjs\react-dom-server-legacy.node.development.js:5552:11)
Web Bundled 616ms node_modules\expo-router\entry.js (1 module)
Web  INFO  %cDownload the React DevTools for a better development experience: https://react.dev/link/react-devtools font-weight:bold
Web  LOG  Running application "main" with appParams:
 {"hydrate": undefined, "rootTag": "#root"} 
Development-level warnings: ON.
Performance optimizations: OFF.
Web  WARN  "shadow*" style props are deprecated. Use "boxShadow".
Web  WARN  "textShadow*" style props are deprecated. Use "textShadow".
