Starting project at F:\final year project\A-Real-Time-Autonomous-Smart-Cart-System-for-Human-Retail-Shopping-Assistance\frontend
Using src/app as the root directory for Expo Router.
React Compiler enabled
Metro is running in CI mode, reloads are disabled. Remove CI=true to enable watch mode.
Starting Metro Bundler

Waiting on http://localhost:8081

Logs for your project will appear below.
λ Bundled 61640ms node_modules\expo\node_modules\@expo\cli\node_modules\@expo\router-server\node\render.js (1696 modules)
λ  WARN  "shadow*" style props are deprecated. Use "boxShadow". 
  console.logWithStack [as warn] (F:\final year project\A-Real-Time-Autonomous-Smart-Cart-System-for-Human-Retail-Shopping-Assistance\frontend\node_modules\expo\node_modules\@expo\cli\build\src\start\server\serverLogLikeMetro.js:214:27)
  warnOnce (F:\final year project\A-Real-Time-Autonomous-Smart-Cart-System-for-Human-Retail-Shopping-Assistance\frontend\node_modules\react-native-web\dist\modules\warnOnce\index.js:24:13)
  preprocess (F:\final year project\A-Real-Time-Autonomous-Smart-Cart-System-for-Human-Retail-Shopping-Assistance\frontend\node_modules\react-native-web\dist\exports\StyleSheet\preprocess.js:136:13)
  compileAndInsertAtomic (F:\final year project\A-Real-Time-Autonomous-Smart-Cart-System-for-Human-Retail-Shopping-Assistance\frontend\node_modules\react-native-web\dist\exports\StyleSheet\index.js:56:34)
  <unknown> (F:\final year project\A-Real-Time-Autonomous-Smart-Cart-System-for-Human-Retail-Shopping-Assistance\frontend\node_modules\react-native-web\dist\exports\StyleSheet\index.js:99:26)
  Function.create (F:\final year project\A-Real-Time-Autonomous-Smart-Cart-System-for-Human-Retail-Shopping-Assistance\frontend\node_modules\react-native-web\dist\exports\StyleSheet\index.js:87:23)
  factory (F:\final year project\A-Real-Time-Autonomous-Smart-Cart-System-for-Human-Retail-Shopping-Assistance\frontend\src\app\index.tsx:193:27)
  loadModuleImplementation (F:\final year project\A-Real-Time-Autonomous-Smart-Cart-System-for-Human-Retail-Shopping-Assistance\frontend\node_modules\metro\node_modules\metro-runtime\src\polyfills\require.js:285:5)
  guardedLoadModule (F:\final year project\A-Real-Time-Autonomous-Smart-Cart-System-for-Human-Retail-Shopping-Assistance\frontend\node_modules\metro\node_modules\metro-runtime\src\polyfills\require.js:183:21)
  require (F:\final year project\A-Real-Time-Autonomous-Smart-Cart-System-for-Human-Retail-Shopping-Assistance\frontend\node_modules\metro\node_modules\metro-runtime\src\polyfills\require.js:98:7)
  Object.loadRoute (F:\final year project\A-Real-Time-Autonomous-Smart-Cart-System-for-Human-Retail-Shopping-Assistance\frontend\node_modules\expo-router\build\getRoutesCore.js:239:35)
  runtimeValidateRouteNode (F:\final year project\A-Real-Time-Autonomous-Smart-Cart-System-for-Human-Retail-Shopping-Assistance\frontend\node_modules\expo-router\build\getRoutesCore.js:503:32)
  validateRouteTreeExports (F:\final year project\A-Real-Time-Autonomous-Smart-Cart-System-for-Human-Retail-Shopping-Assistance\frontend\node_modules\expo-router\build\getRoutesCore.js:514:5)
  validateRouteTreeExports (F:\final year project\A-Real-Time-Autonomous-Smart-Cart-System-for-Human-Retail-Shopping-Assistance\frontend\node_modules\expo-router\build\getRoutesCore.js:516:9)
  getRoutes (F:\final year project\A-Real-Time-Autonomous-Smart-Cart-System-for-Human-Retail-Shopping-Assistance\frontend\node_modules\expo-router\build\getRoutesCore.js:33:9)
  getRoutes (F:\final year project\A-Real-Time-Autonomous-Smart-Cart-System-for-Human-Retail-Shopping-Assistance\frontend\node_modules\expo-router\build\getRoutes.js:20:41)
  useStore (F:\final year project\A-Real-Time-Autonomous-Smart-Cart-System-for-Human-Retail-Shopping-Assistance\frontend\node_modules\expo-router\build\global-state\useStore.js:28:48)
  Component (F:\final year project\A-Real-Time-Autonomous-Smart-Cart-System-for-Human-Retail-Shopping-Assistance\frontend\node_modules\expo-router\build\ExpoRoot.js:122:46)
  Object.callComponentInDEV [as react_stack_bottom_frame] (F:\final year project\A-Real-Time-Autonomous-Smart-Cart-System-for-Human-Retail-Shopping-Assistance\frontend\node_modules\react-dom\cjs\react-dom-server-legacy.node.development.js:9808:18)
  renderWithHooks (F:\final year project\A-Real-Time-Autonomous-Smart-Cart-System-for-Human-Retail-Shopping-Assistance\frontend\node_modules\react-dom\cjs\react-dom-server-legacy.node.development.js:5062:19)
  run (F:\final year project\A-Real-Time-Autonomous-Smart-Cart-System-for-Human-Retail-Shopping-Assistance\frontend\node_modules\react-dom\cjs\react-dom-server-legacy.node.development.js:5497:23)
  retryNode (F:\final year project\A-Real-Time-Autonomous-Smart-Cart-System-for-Human-Retail-Shopping-Assistance\frontend\node_modules\react-dom\cjs\react-dom-server-legacy.node.development.js:6417:31)
  renderNodeDestructive (F:\final year project\A-Real-Time-Autonomous-Smart-Cart-System-for-Human-Retail-Shopping-Assistance\frontend\node_modules\react-dom\cjs\react-dom-server-legacy.node.development.js:6367:11)
  finishFunctionComponent (F:\final year project\A-Real-Time-Autonomous-Smart-Cart-System-for-Human-Retail-Shopping-Assistance\frontend\node_modules\react-dom\cjs\react-dom-server-legacy.node.development.js:5106:13)
  run (F:\final year project\A-Real-Time-Autonomous-Smart-Cart-System-for-Human-Retail-Shopping-Assistance\frontend\node_modules\react-dom\cjs\react-dom-server-legacy.node.development.js:5552:11)
  retryNode (F:\final year project\A-Real-Time-Autonomous-Smart-Cart-System-for-Human-Retail-Shopping-Assistance\frontend\node_modules\react-dom\cjs\react-dom-server-legacy.node.development.js:6417:31)
  renderNodeDestructive (F:\final year project\A-Real-Time-Autonomous-Smart-Cart-System-for-Human-Retail-Shopping-Assistance\frontend\node_modules\react-dom\cjs\react-dom-server-legacy.node.development.js:6367:11)
  finishFunctionComponent (F:\final year project\A-Real-Time-Autonomous-Smart-Cart-System-for-Human-Retail-Shopping-Assistance\frontend\node_modules\react-dom\cjs\react-dom-server-legacy.node.development.js:5106:13)
  run (F:\final year project\A-Real-Time-Autonomous-Smart-Cart-System-for-Human-Retail-Shopping-Assistance\frontend\node_modules\react-dom\cjs\react-dom-server-legacy.node.development.js:5552:11)
  retryNode (F:\final year project\A-Real-Time-Autonomous-Smart-Cart-System-for-Human-Retail-Shopping-Assistance\frontend\node_modules\react-dom\cjs\react-dom-server-legacy.node.development.js:6417:31)
  renderNodeDestructive (F:\final year project\A-Real-Time-Autonomous-Smart-Cart-System-for-Human-Retail-Shopping-Assistance\frontend\node_modules\react-dom\cjs\react-dom-server-legacy.node.development.js:6367:11)
  run (F:\final year project\A-Real-Time-Autonomous-Smart-Cart-System-for-Human-Retail-Shopping-Assistance\frontend\node_modules\react-dom\cjs\react-dom-server-legacy.node.development.js:6063:15)
  retryNode (F:\final year project\A-Real-Time-Autonomous-Smart-Cart-System-for-Human-Retail-Shopping-Assistance\frontend\node_modules\react-dom\cjs\react-dom-server-legacy.node.development.js:6417:31)
  renderNodeDestructive (F:\final year project\A-Real-Time-Autonomous-Smart-Cart-System-for-Human-Retail-Shopping-Assistance\frontend\node_modules\react-dom\cjs\react-dom-server-legacy.node.development.js:6367:11)
  run (F:\final year project\A-Real-Time-Autonomous-Smart-Cart-System-for-Human-Retail-Shopping-Assistance\frontend\node_modules\react-dom\cjs\react-dom-server-legacy.node.development.js:6063:15)
  retryNode (F:\final year project\A-Real-Time-Autonomous-Smart-Cart-System-for-Human-Retail-Shopping-Assistance\frontend\node_modules\react-dom\cjs\react-dom-server-legacy.node.development.js:6417:31)
  renderNodeDestructive (F:\final year project\A-Real-Time-Autonomous-Smart-Cart-System-for-Human-Retail-Shopping-Assistance\frontend\node_modules\react-dom\cjs\react-dom-server-legacy.node.development.js:6367:11)
  finishFunctionComponent (F:\final year project\A-Real-Time-Autonomous-Smart-Cart-System-for-Human-Retail-Shopping-Assistance\frontend\node_modules\react-dom\cjs\react-dom-server-legacy.node.development.js:5106:13)
  run (F:\final year project\A-Real-Time-Autonomous-Smart-Cart-System-for-Human-Retail-Shopping-Assistance\frontend\node_modules\react-dom\cjs\react-dom-server-legacy.node.development.js:5552:11)
  retryNode (F:\final year project\A-Real-Time-Autonomous-Smart-Cart-System-for-Human-Retail-Shopping-Assistance\frontend\node_modules\react-dom\cjs\react-dom-server-legacy.node.development.js:6417:31)
  renderNodeDestructive (F:\final year project\A-Real-Time-Autonomous-Smart-Cart-System-for-Human-Retail-Shopping-Assistance\frontend\node_modules\react-dom\cjs\react-dom-server-legacy.node.development.js:6367:11)
  run (F:\final year project\A-Real-Time-Autonomous-Smart-Cart-System-for-Human-Retail-Shopping-Assistance\frontend\node_modules\react-dom\cjs\react-dom-server-legacy.node.development.js:6063:15)
  retryNode (F:\final year project\A-Real-Time-Autonomous-Smart-Cart-System-for-Human-Retail-Shopping-Assistance\frontend\node_modules\react-dom\cjs\react-dom-server-legacy.node.development.js:6417:31)
  renderNodeDestructive (F:\final year project\A-Real-Time-Autonomous-Smart-Cart-System-for-Human-Retail-Shopping-Assistance\frontend\node_modules\react-dom\cjs\react-dom-server-legacy.node.development.js:6367:11)
  finishFunctionComponent (F:\final year project\A-Real-Time-Autonomous-Smart-Cart-System-for-Human-Retail-Shopping-Assistance\frontend\node_modules\react-dom\cjs\react-dom-server-legacy.node.development.js:5106:13)
  run (F:\final year project\A-Real-Time-Autonomous-Smart-Cart-System-for-Human-Retail-Shopping-Assistance\frontend\node_modules\react-dom\cjs\react-dom-server-legacy.node.development.js:5552:11)
  retryNode (F:\final year project\A-Real-Time-Autonomous-Smart-Cart-System-for-Human-Retail-Shopping-Assistance\frontend\node_modules\react-dom\cjs\react-dom-server-legacy.node.development.js:6417:31)
Web Bundled 63139ms node_modules\expo-router\entry.js (1580 modules)
λ Bundled 94ms node_modules\expo\node_modules\@expo\cli\node_modules\@expo\router-server\node\render.js (1 module)
λ  WARN  "shadow*" style props are deprecated. Use "boxShadow". 
  console.logWithStack [as warn] (F:\final year project\A-Real-Time-Autonomous-Smart-Cart-System-for-Human-Retail-Shopping-Assistance\frontend\node_modules\expo\node_modules\@expo\cli\build\src\start\server\serverLogLikeMetro.js:214:27)
  warnOnce (F:\final year project\A-Real-Time-Autonomous-Smart-Cart-System-for-Human-Retail-Shopping-Assistance\frontend\node_modules\react-native-web\dist\modules\warnOnce\index.js:24:13)
  preprocess (F:\final year project\A-Real-Time-Autonomous-Smart-Cart-System-for-Human-Retail-Shopping-Assistance\frontend\node_modules\react-native-web\dist\exports\StyleSheet\preprocess.js:136:13)
  compileAndInsertAtomic (F:\final year project\A-Real-Time-Autonomous-Smart-Cart-System-for-Human-Retail-Shopping-Assistance\frontend\node_modules\react-native-web\dist\exports\StyleSheet\index.js:56:34)
  <unknown> (F:\final year project\A-Real-Time-Autonomous-Smart-Cart-System-for-Human-Retail-Shopping-Assistance\frontend\node_modules\react-native-web\dist\exports\StyleSheet\index.js:99:26)
  Function.create (F:\final year project\A-Real-Time-Autonomous-Smart-Cart-System-for-Human-Retail-Shopping-Assistance\frontend\node_modules\react-native-web\dist\exports\StyleSheet\index.js:87:23)
  factory (F:\final year project\A-Real-Time-Autonomous-Smart-Cart-System-for-Human-Retail-Shopping-Assistance\frontend\src\app\index.tsx:193:27)
  loadModuleImplementation (F:\final year project\A-Real-Time-Autonomous-Smart-Cart-System-for-Human-Retail-Shopping-Assistance\frontend\node_modules\metro\node_modules\metro-runtime\src\polyfills\require.js:285:5)
  guardedLoadModule (F:\final year project\A-Real-Time-Autonomous-Smart-Cart-System-for-Human-Retail-Shopping-Assistance\frontend\node_modules\metro\node_modules\metro-runtime\src\polyfills\require.js:183:21)
  require (F:\final year project\A-Real-Time-Autonomous-Smart-Cart-System-for-Human-Retail-Shopping-Assistance\frontend\node_modules\metro\node_modules\metro-runtime\src\polyfills\require.js:98:7)
  Object.loadRoute (F:\final year project\A-Real-Time-Autonomous-Smart-Cart-System-for-Human-Retail-Shopping-Assistance\frontend\node_modules\expo-router\build\getRoutesCore.js:239:35)
  runtimeValidateRouteNode (F:\final year project\A-Real-Time-Autonomous-Smart-Cart-System-for-Human-Retail-Shopping-Assistance\frontend\node_modules\expo-router\build\getRoutesCore.js:503:32)
  validateRouteTreeExports (F:\final year project\A-Real-Time-Autonomous-Smart-Cart-System-for-Human-Retail-Shopping-Assistance\frontend\node_modules\expo-router\build\getRoutesCore.js:514:5)
  validateRouteTreeExports (F:\final year project\A-Real-Time-Autonomous-Smart-Cart-System-for-Human-Retail-Shopping-Assistance\frontend\node_modules\expo-router\build\getRoutesCore.js:516:9)
  getRoutes (F:\final year project\A-Real-Time-Autonomous-Smart-Cart-System-for-Human-Retail-Shopping-Assistance\frontend\node_modules\expo-router\build\getRoutesCore.js:33:9)
  getRoutes (F:\final year project\A-Real-Time-Autonomous-Smart-Cart-System-for-Human-Retail-Shopping-Assistance\frontend\node_modules\expo-router\build\getRoutes.js:20:41)
  useStore (F:\final year project\A-Real-Time-Autonomous-Smart-Cart-System-for-Human-Retail-Shopping-Assistance\frontend\node_modules\expo-router\build\global-state\useStore.js:28:48)
  Component (F:\final year project\A-Real-Time-Autonomous-Smart-Cart-System-for-Human-Retail-Shopping-Assistance\frontend\node_modules\expo-router\build\ExpoRoot.js:122:46)
  Object.callComponentInDEV [as react_stack_bottom_frame] (F:\final year project\A-Real-Time-Autonomous-Smart-Cart-System-for-Human-Retail-Shopping-Assistance\frontend\node_modules\react-dom\cjs\react-dom-server-legacy.node.development.js:9808:18)
  renderWithHooks (F:\final year project\A-Real-Time-Autonomous-Smart-Cart-System-for-Human-Retail-Shopping-Assistance\frontend\node_modules\react-dom\cjs\react-dom-server-legacy.node.development.js:5062:19)
  run (F:\final year project\A-Real-Time-Autonomous-Smart-Cart-System-for-Human-Retail-Shopping-Assistance\frontend\node_modules\react-dom\cjs\react-dom-server-legacy.node.development.js:5497:23)
  retryNode (F:\final year project\A-Real-Time-Autonomous-Smart-Cart-System-for-Human-Retail-Shopping-Assistance\frontend\node_modules\react-dom\cjs\react-dom-server-legacy.node.development.js:6417:31)
  renderNodeDestructive (F:\final year project\A-Real-Time-Autonomous-Smart-Cart-System-for-Human-Retail-Shopping-Assistance\frontend\node_modules\react-dom\cjs\react-dom-server-legacy.node.development.js:6367:11)
  finishFunctionComponent (F:\final year project\A-Real-Time-Autonomous-Smart-Cart-System-for-Human-Retail-Shopping-Assistance\frontend\node_modules\react-dom\cjs\react-dom-server-legacy.node.development.js:5106:13)
  run (F:\final year project\A-Real-Time-Autonomous-Smart-Cart-System-for-Human-Retail-Shopping-Assistance\frontend\node_modules\react-dom\cjs\react-dom-server-legacy.node.development.js:5552:11)
  retryNode (F:\final year project\A-Real-Time-Autonomous-Smart-Cart-System-for-Human-Retail-Shopping-Assistance\frontend\node_modules\react-dom\cjs\react-dom-server-legacy.node.development.js:6417:31)
  renderNodeDestructive (F:\final year project\A-Real-Time-Autonomous-Smart-Cart-System-for-Human-Retail-Shopping-Assistance\frontend\node_modules\react-dom\cjs\react-dom-server-legacy.node.development.js:6367:11)
  finishFunctionComponent (F:\final year project\A-Real-Time-Autonomous-Smart-Cart-System-for-Human-Retail-Shopping-Assistance\frontend\node_modules\react-dom\cjs\react-dom-server-legacy.node.development.js:5106:13)
  run (F:\final year project\A-Real-Time-Autonomous-Smart-Cart-System-for-Human-Retail-Shopping-Assistance\frontend\node_modules\react-dom\cjs\react-dom-server-legacy.node.development.js:5552:11)
  retryNode (F:\final year project\A-Real-Time-Autonomous-Smart-Cart-System-for-Human-Retail-Shopping-Assistance\frontend\node_modules\react-dom\cjs\react-dom-server-legacy.node.development.js:6417:31)
  renderNodeDestructive (F:\final year project\A-Real-Time-Autonomous-Smart-Cart-System-for-Human-Retail-Shopping-Assistance\frontend\node_modules\react-dom\cjs\react-dom-server-legacy.node.development.js:6367:11)
  run (F:\final year project\A-Real-Time-Autonomous-Smart-Cart-System-for-Human-Retail-Shopping-Assistance\frontend\node_modules\react-dom\cjs\react-dom-server-legacy.node.development.js:6063:15)
  retryNode (F:\final year project\A-Real-Time-Autonomous-Smart-Cart-System-for-Human-Retail-Shopping-Assistance\frontend\node_modules\react-dom\cjs\react-dom-server-legacy.node.development.js:6417:31)
  renderNodeDestructive (F:\final year project\A-Real-Time-Autonomous-Smart-Cart-System-for-Human-Retail-Shopping-Assistance\frontend\node_modules\react-dom\cjs\react-dom-server-legacy.node.development.js:6367:11)
  run (F:\final year project\A-Real-Time-Autonomous-Smart-Cart-System-for-Human-Retail-Shopping-Assistance\frontend\node_modules\react-dom\cjs\react-dom-server-legacy.node.development.js:6063:15)
  retryNode (F:\final year project\A-Real-Time-Autonomous-Smart-Cart-System-for-Human-Retail-Shopping-Assistance\frontend\node_modules\react-dom\cjs\react-dom-server-legacy.node.development.js:6417:31)
  renderNodeDestructive (F:\final year project\A-Real-Time-Autonomous-Smart-Cart-System-for-Human-Retail-Shopping-Assistance\frontend\node_modules\react-dom\cjs\react-dom-server-legacy.node.development.js:6367:11)
  finishFunctionComponent (F:\final year project\A-Real-Time-Autonomous-Smart-Cart-System-for-Human-Retail-Shopping-Assistance\frontend\node_modules\react-dom\cjs\react-dom-server-legacy.node.development.js:5106:13)
  run (F:\final year project\A-Real-Time-Autonomous-Smart-Cart-System-for-Human-Retail-Shopping-Assistance\frontend\node_modules\react-dom\cjs\react-dom-server-legacy.node.development.js:5552:11)
  retryNode (F:\final year project\A-Real-Time-Autonomous-Smart-Cart-System-for-Human-Retail-Shopping-Assistance\frontend\node_modules\react-dom\cjs\react-dom-server-legacy.node.development.js:6417:31)
  renderNodeDestructive (F:\final year project\A-Real-Time-Autonomous-Smart-Cart-System-for-Human-Retail-Shopping-Assistance\frontend\node_modules\react-dom\cjs\react-dom-server-legacy.node.development.js:6367:11)
  run (F:\final year project\A-Real-Time-Autonomous-Smart-Cart-System-for-Human-Retail-Shopping-Assistance\frontend\node_modules\react-dom\cjs\react-dom-server-legacy.node.development.js:6063:15)
  retryNode (F:\final year project\A-Real-Time-Autonomous-Smart-Cart-System-for-Human-Retail-Shopping-Assistance\frontend\node_modules\react-dom\cjs\react-dom-server-legacy.node.development.js:6417:31)
  renderNodeDestructive (F:\final year project\A-Real-Time-Autonomous-Smart-Cart-System-for-Human-Retail-Shopping-Assistance\frontend\node_modules\react-dom\cjs\react-dom-server-legacy.node.development.js:6367:11)
  finishFunctionComponent (F:\final year project\A-Real-Time-Autonomous-Smart-Cart-System-for-Human-Retail-Shopping-Assistance\frontend\node_modules\react-dom\cjs\react-dom-server-legacy.node.development.js:5106:13)
  run (F:\final year project\A-Real-Time-Autonomous-Smart-Cart-System-for-Human-Retail-Shopping-Assistance\frontend\node_modules\react-dom\cjs\react-dom-server-legacy.node.development.js:5552:11)
  retryNode (F:\final year project\A-Real-Time-Autonomous-Smart-Cart-System-for-Human-Retail-Shopping-Assistance\frontend\node_modules\react-dom\cjs\react-dom-server-legacy.node.development.js:6417:31)
Web Bundled 855ms node_modules\expo-router\entry.js (1 module)
λ Bundled 59ms node_modules\expo\node_modules\@expo\cli\node_modules\@expo\router-server\node\render.js (1 module)
λ  WARN  "shadow*" style props are deprecated. Use "boxShadow". 
  console.logWithStack [as warn] (F:\final year project\A-Real-Time-Autonomous-Smart-Cart-System-for-Human-Retail-Shopping-Assistance\frontend\node_modules\expo\node_modules\@expo\cli\build\src\start\server\serverLogLikeMetro.js:214:27)
  warnOnce (F:\final year project\A-Real-Time-Autonomous-Smart-Cart-System-for-Human-Retail-Shopping-Assistance\frontend\node_modules\react-native-web\dist\modules\warnOnce\index.js:24:13)
  preprocess (F:\final year project\A-Real-Time-Autonomous-Smart-Cart-System-for-Human-Retail-Shopping-Assistance\frontend\node_modules\react-native-web\dist\exports\StyleSheet\preprocess.js:136:13)
  compileAndInsertAtomic (F:\final year project\A-Real-Time-Autonomous-Smart-Cart-System-for-Human-Retail-Shopping-Assistance\frontend\node_modules\react-native-web\dist\exports\StyleSheet\index.js:56:34)
  <unknown> (F:\final year project\A-Real-Time-Autonomous-Smart-Cart-System-for-Human-Retail-Shopping-Assistance\frontend\node_modules\react-native-web\dist\exports\StyleSheet\index.js:99:26)
  Function.create (F:\final year project\A-Real-Time-Autonomous-Smart-Cart-System-for-Human-Retail-Shopping-Assistance\frontend\node_modules\react-native-web\dist\exports\StyleSheet\index.js:87:23)
  factory (F:\final year project\A-Real-Time-Autonomous-Smart-Cart-System-for-Human-Retail-Shopping-Assistance\frontend\src\app\index.tsx:193:27)
  loadModuleImplementation (F:\final year project\A-Real-Time-Autonomous-Smart-Cart-System-for-Human-Retail-Shopping-Assistance\frontend\node_modules\metro\node_modules\metro-runtime\src\polyfills\require.js:285:5)
  guardedLoadModule (F:\final year project\A-Real-Time-Autonomous-Smart-Cart-System-for-Human-Retail-Shopping-Assistance\frontend\node_modules\metro\node_modules\metro-runtime\src\polyfills\require.js:183:21)
  require (F:\final year project\A-Real-Time-Autonomous-Smart-Cart-System-for-Human-Retail-Shopping-Assistance\frontend\node_modules\metro\node_modules\metro-runtime\src\polyfills\require.js:98:7)
  Object.loadRoute (F:\final year project\A-Real-Time-Autonomous-Smart-Cart-System-for-Human-Retail-Shopping-Assistance\frontend\node_modules\expo-router\build\getRoutesCore.js:239:35)
  runtimeValidateRouteNode (F:\final year project\A-Real-Time-Autonomous-Smart-Cart-System-for-Human-Retail-Shopping-Assistance\frontend\node_modules\expo-router\build\getRoutesCore.js:503:32)
  validateRouteTreeExports (F:\final year project\A-Real-Time-Autonomous-Smart-Cart-System-for-Human-Retail-Shopping-Assistance\frontend\node_modules\expo-router\build\getRoutesCore.js:514:5)
  validateRouteTreeExports (F:\final year project\A-Real-Time-Autonomous-Smart-Cart-System-for-Human-Retail-Shopping-Assistance\frontend\node_modules\expo-router\build\getRoutesCore.js:516:9)
  getRoutes (F:\final year project\A-Real-Time-Autonomous-Smart-Cart-System-for-Human-Retail-Shopping-Assistance\frontend\node_modules\expo-router\build\getRoutesCore.js:33:9)
  getRoutes (F:\final year project\A-Real-Time-Autonomous-Smart-Cart-System-for-Human-Retail-Shopping-Assistance\frontend\node_modules\expo-router\build\getRoutes.js:20:41)
  useStore (F:\final year project\A-Real-Time-Autonomous-Smart-Cart-System-for-Human-Retail-Shopping-Assistance\frontend\node_modules\expo-router\build\global-state\useStore.js:28:48)
  Component (F:\final year project\A-Real-Time-Autonomous-Smart-Cart-System-for-Human-Retail-Shopping-Assistance\frontend\node_modules\expo-router\build\ExpoRoot.js:122:46)
  Object.callComponentInDEV [as react_stack_bottom_frame] (F:\final year project\A-Real-Time-Autonomous-Smart-Cart-System-for-Human-Retail-Shopping-Assistance\frontend\node_modules\react-dom\cjs\react-dom-server-legacy.node.development.js:9808:18)
  renderWithHooks (F:\final year project\A-Real-Time-Autonomous-Smart-Cart-System-for-Human-Retail-Shopping-Assistance\frontend\node_modules\react-dom\cjs\react-dom-server-legacy.node.development.js:5062:19)
  run (F:\final year project\A-Real-Time-Autonomous-Smart-Cart-System-for-Human-Retail-Shopping-Assistance\frontend\node_modules\react-dom\cjs\react-dom-server-legacy.node.development.js:5497:23)
  retryNode (F:\final year project\A-Real-Time-Autonomous-Smart-Cart-System-for-Human-Retail-Shopping-Assistance\frontend\node_modules\react-dom\cjs\react-dom-server-legacy.node.development.js:6417:31)
  renderNodeDestructive (F:\final year project\A-Real-Time-Autonomous-Smart-Cart-System-for-Human-Retail-Shopping-Assistance\frontend\node_modules\react-dom\cjs\react-dom-server-legacy.node.development.js:6367:11)
  finishFunctionComponent (F:\final year project\A-Real-Time-Autonomous-Smart-Cart-System-for-Human-Retail-Shopping-Assistance\frontend\node_modules\react-dom\cjs\react-dom-server-legacy.node.development.js:5106:13)
  run (F:\final year project\A-Real-Time-Autonomous-Smart-Cart-System-for-Human-Retail-Shopping-Assistance\frontend\node_modules\react-dom\cjs\react-dom-server-legacy.node.development.js:5552:11)
  retryNode (F:\final year project\A-Real-Time-Autonomous-Smart-Cart-System-for-Human-Retail-Shopping-Assistance\frontend\node_modules\react-dom\cjs\react-dom-server-legacy.node.development.js:6417:31)
  renderNodeDestructive (F:\final year project\A-Real-Time-Autonomous-Smart-Cart-System-for-Human-Retail-Shopping-Assistance\frontend\node_modules\react-dom\cjs\react-dom-server-legacy.node.development.js:6367:11)
  finishFunctionComponent (F:\final year project\A-Real-Time-Autonomous-Smart-Cart-System-for-Human-Retail-Shopping-Assistance\frontend\node_modules\react-dom\cjs\react-dom-server-legacy.node.development.js:5106:13)
  run (F:\final year project\A-Real-Time-Autonomous-Smart-Cart-System-for-Human-Retail-Shopping-Assistance\frontend\node_modules\react-dom\cjs\react-dom-server-legacy.node.development.js:5552:11)
  retryNode (F:\final year project\A-Real-Time-Autonomous-Smart-Cart-System-for-Human-Retail-Shopping-Assistance\frontend\node_modules\react-dom\cjs\react-dom-server-legacy.node.development.js:6417:31)
  renderNodeDestructive (F:\final year project\A-Real-Time-Autonomous-Smart-Cart-System-for-Human-Retail-Shopping-Assistance\frontend\node_modules\react-dom\cjs\react-dom-server-legacy.node.development.js:6367:11)
  run (F:\final year project\A-Real-Time-Autonomous-Smart-Cart-System-for-Human-Retail-Shopping-Assistance\frontend\node_modules\react-dom\cjs\react-dom-server-legacy.node.development.js:6063:15)
  retryNode (F:\final year project\A-Real-Time-Autonomous-Smart-Cart-System-for-Human-Retail-Shopping-Assistance\frontend\node_modules\react-dom\cjs\react-dom-server-legacy.node.development.js:6417:31)
  renderNodeDestructive (F:\final year project\A-Real-Time-Autonomous-Smart-Cart-System-for-Human-Retail-Shopping-Assistance\frontend\node_modules\react-dom\cjs\react-dom-server-legacy.node.development.js:6367:11)
  run (F:\final year project\A-Real-Time-Autonomous-Smart-Cart-System-for-Human-Retail-Shopping-Assistance\frontend\node_modules\react-dom\cjs\react-dom-server-legacy.node.development.js:6063:15)
  retryNode (F:\final year project\A-Real-Time-Autonomous-Smart-Cart-System-for-Human-Retail-Shopping-Assistance\frontend\node_modules\react-dom\cjs\react-dom-server-legacy.node.development.js:6417:31)
  renderNodeDestructive (F:\final year project\A-Real-Time-Autonomous-Smart-Cart-System-for-Human-Retail-Shopping-Assistance\frontend\node_modules\react-dom\cjs\react-dom-server-legacy.node.development.js:6367:11)
  finishFunctionComponent (F:\final year project\A-Real-Time-Autonomous-Smart-Cart-System-for-Human-Retail-Shopping-Assistance\frontend\node_modules\react-dom\cjs\react-dom-server-legacy.node.development.js:5106:13)
  run (F:\final year project\A-Real-Time-Autonomous-Smart-Cart-System-for-Human-Retail-Shopping-Assistance\frontend\node_modules\react-dom\cjs\react-dom-server-legacy.node.development.js:5552:11)
  retryNode (F:\final year project\A-Real-Time-Autonomous-Smart-Cart-System-for-Human-Retail-Shopping-Assistance\frontend\node_modules\react-dom\cjs\react-dom-server-legacy.node.development.js:6417:31)
  renderNodeDestructive (F:\final year project\A-Real-Time-Autonomous-Smart-Cart-System-for-Human-Retail-Shopping-Assistance\frontend\node_modules\react-dom\cjs\react-dom-server-legacy.node.development.js:6367:11)
  run (F:\final year project\A-Real-Time-Autonomous-Smart-Cart-System-for-Human-Retail-Shopping-Assistance\frontend\node_modules\react-dom\cjs\react-dom-server-legacy.node.development.js:6063:15)
  retryNode (F:\final year project\A-Real-Time-Autonomous-Smart-Cart-System-for-Human-Retail-Shopping-Assistance\frontend\node_modules\react-dom\cjs\react-dom-server-legacy.node.development.js:6417:31)
  renderNodeDestructive (F:\final year project\A-Real-Time-Autonomous-Smart-Cart-System-for-Human-Retail-Shopping-Assistance\frontend\node_modules\react-dom\cjs\react-dom-server-legacy.node.development.js:6367:11)
  finishFunctionComponent (F:\final year project\A-Real-Time-Autonomous-Smart-Cart-System-for-Human-Retail-Shopping-Assistance\frontend\node_modules\react-dom\cjs\react-dom-server-legacy.node.development.js:5106:13)
  run (F:\final year project\A-Real-Time-Autonomous-Smart-Cart-System-for-Human-Retail-Shopping-Assistance\frontend\node_modules\react-dom\cjs\react-dom-server-legacy.node.development.js:5552:11)
  retryNode (F:\final year project\A-Real-Time-Autonomous-Smart-Cart-System-for-Human-Retail-Shopping-Assistance\frontend\node_modules\react-dom\cjs\react-dom-server-legacy.node.development.js:6417:31)
Web Bundled 692ms node_modules\expo-router\entry.js (1 module)
Web Bundled 13200ms node_modules\expo-router\entry.js (1585 modules)
Web  INFO  %cDownload the React DevTools for a better development experience: https://react.dev/link/react-devtools font-weight:bold
Web  LOG  Running application "main" with appParams:
 {"hydrate": undefined, "rootTag": "#root"} 
Development-level warnings: ON.
Performance optimizations: OFF.
Web  WARN  "shadow*" style props are deprecated. Use "boxShadow".
λ Bundled 107ms node_modules\expo\node_modules\@expo\cli\node_modules\@expo\router-server\node\render.js (1 module)
λ  WARN  "shadow*" style props are deprecated. Use "boxShadow". 
  console.logWithStack [as warn] (F:\final year project\A-Real-Time-Autonomous-Smart-Cart-System-for-Human-Retail-Shopping-Assistance\frontend\node_modules\expo\node_modules\@expo\cli\build\src\start\server\serverLogLikeMetro.js:214:27)
  warnOnce (F:\final year project\A-Real-Time-Autonomous-Smart-Cart-System-for-Human-Retail-Shopping-Assistance\frontend\node_modules\react-native-web\dist\modules\warnOnce\index.js:24:13)
  preprocess (F:\final year project\A-Real-Time-Autonomous-Smart-Cart-System-for-Human-Retail-Shopping-Assistance\frontend\node_modules\react-native-web\dist\exports\StyleSheet\preprocess.js:136:13)
  compileAndInsertAtomic (F:\final year project\A-Real-Time-Autonomous-Smart-Cart-System-for-Human-Retail-Shopping-Assistance\frontend\node_modules\react-native-web\dist\exports\StyleSheet\index.js:56:34)
  <unknown> (F:\final year project\A-Real-Time-Autonomous-Smart-Cart-System-for-Human-Retail-Shopping-Assistance\frontend\node_modules\react-native-web\dist\exports\StyleSheet\index.js:99:26)
  Function.create (F:\final year project\A-Real-Time-Autonomous-Smart-Cart-System-for-Human-Retail-Shopping-Assistance\frontend\node_modules\react-native-web\dist\exports\StyleSheet\index.js:87:23)
  factory (F:\final year project\A-Real-Time-Autonomous-Smart-Cart-System-for-Human-Retail-Shopping-Assistance\frontend\src\app\index.tsx:193:27)
  loadModuleImplementation (F:\final year project\A-Real-Time-Autonomous-Smart-Cart-System-for-Human-Retail-Shopping-Assistance\frontend\node_modules\metro\node_modules\metro-runtime\src\polyfills\require.js:285:5)
  guardedLoadModule (F:\final year project\A-Real-Time-Autonomous-Smart-Cart-System-for-Human-Retail-Shopping-Assistance\frontend\node_modules\metro\node_modules\metro-runtime\src\polyfills\require.js:183:21)
  require (F:\final year project\A-Real-Time-Autonomous-Smart-Cart-System-for-Human-Retail-Shopping-Assistance\frontend\node_modules\metro\node_modules\metro-runtime\src\polyfills\require.js:98:7)
  Object.loadRoute (F:\final year project\A-Real-Time-Autonomous-Smart-Cart-System-for-Human-Retail-Shopping-Assistance\frontend\node_modules\expo-router\build\getRoutesCore.js:239:35)
  runtimeValidateRouteNode (F:\final year project\A-Real-Time-Autonomous-Smart-Cart-System-for-Human-Retail-Shopping-Assistance\frontend\node_modules\expo-router\build\getRoutesCore.js:503:32)
  validateRouteTreeExports (F:\final year project\A-Real-Time-Autonomous-Smart-Cart-System-for-Human-Retail-Shopping-Assistance\frontend\node_modules\expo-router\build\getRoutesCore.js:514:5)
  validateRouteTreeExports (F:\final year project\A-Real-Time-Autonomous-Smart-Cart-System-for-Human-Retail-Shopping-Assistance\frontend\node_modules\expo-router\build\getRoutesCore.js:516:9)
  getRoutes (F:\final year project\A-Real-Time-Autonomous-Smart-Cart-System-for-Human-Retail-Shopping-Assistance\frontend\node_modules\expo-router\build\getRoutesCore.js:33:9)
  getRoutes (F:\final year project\A-Real-Time-Autonomous-Smart-Cart-System-for-Human-Retail-Shopping-Assistance\frontend\node_modules\expo-router\build\getRoutes.js:20:41)
  useStore (F:\final year project\A-Real-Time-Autonomous-Smart-Cart-System-for-Human-Retail-Shopping-Assistance\frontend\node_modules\expo-router\build\global-state\useStore.js:28:48)
  Component (F:\final year project\A-Real-Time-Autonomous-Smart-Cart-System-for-Human-Retail-Shopping-Assistance\frontend\node_modules\expo-router\build\ExpoRoot.js:122:46)
  Object.callComponentInDEV [as react_stack_bottom_frame] (F:\final year project\A-Real-Time-Autonomous-Smart-Cart-System-for-Human-Retail-Shopping-Assistance\frontend\node_modules\react-dom\cjs\react-dom-server-legacy.node.development.js:9808:18)
  renderWithHooks (F:\final year project\A-Real-Time-Autonomous-Smart-Cart-System-for-Human-Retail-Shopping-Assistance\frontend\node_modules\react-dom\cjs\react-dom-server-legacy.node.development.js:5062:19)
  run (F:\final year project\A-Real-Time-Autonomous-Smart-Cart-System-for-Human-Retail-Shopping-Assistance\frontend\node_modules\react-dom\cjs\react-dom-server-legacy.node.development.js:5497:23)
  retryNode (F:\final year project\A-Real-Time-Autonomous-Smart-Cart-System-for-Human-Retail-Shopping-Assistance\frontend\node_modules\react-dom\cjs\react-dom-server-legacy.node.development.js:6417:31)
  renderNodeDestructive (F:\final year project\A-Real-Time-Autonomous-Smart-Cart-System-for-Human-Retail-Shopping-Assistance\frontend\node_modules\react-dom\cjs\react-dom-server-legacy.node.development.js:6367:11)
  finishFunctionComponent (F:\final year project\A-Real-Time-Autonomous-Smart-Cart-System-for-Human-Retail-Shopping-Assistance\frontend\node_modules\react-dom\cjs\react-dom-server-legacy.node.development.js:5106:13)
  run (F:\final year project\A-Real-Time-Autonomous-Smart-Cart-System-for-Human-Retail-Shopping-Assistance\frontend\node_modules\react-dom\cjs\react-dom-server-legacy.node.development.js:5552:11)
  retryNode (F:\final year project\A-Real-Time-Autonomous-Smart-Cart-System-for-Human-Retail-Shopping-Assistance\frontend\node_modules\react-dom\cjs\react-dom-server-legacy.node.development.js:6417:31)
  renderNodeDestructive (F:\final year project\A-Real-Time-Autonomous-Smart-Cart-System-for-Human-Retail-Shopping-Assistance\frontend\node_modules\react-dom\cjs\react-dom-server-legacy.node.development.js:6367:11)
  finishFunctionComponent (F:\final year project\A-Real-Time-Autonomous-Smart-Cart-System-for-Human-Retail-Shopping-Assistance\frontend\node_modules\react-dom\cjs\react-dom-server-legacy.node.development.js:5106:13)
  run (F:\final year project\A-Real-Time-Autonomous-Smart-Cart-System-for-Human-Retail-Shopping-Assistance\frontend\node_modules\react-dom\cjs\react-dom-server-legacy.node.development.js:5552:11)
  retryNode (F:\final year project\A-Real-Time-Autonomous-Smart-Cart-System-for-Human-Retail-Shopping-Assistance\frontend\node_modules\react-dom\cjs\react-dom-server-legacy.node.development.js:6417:31)
  renderNodeDestructive (F:\final year project\A-Real-Time-Autonomous-Smart-Cart-System-for-Human-Retail-Shopping-Assistance\frontend\node_modules\react-dom\cjs\react-dom-server-legacy.node.development.js:6367:11)
  run (F:\final year project\A-Real-Time-Autonomous-Smart-Cart-System-for-Human-Retail-Shopping-Assistance\frontend\node_modules\react-dom\cjs\react-dom-server-legacy.node.development.js:6063:15)
  retryNode (F:\final year project\A-Real-Time-Autonomous-Smart-Cart-System-for-Human-Retail-Shopping-Assistance\frontend\node_modules\react-dom\cjs\react-dom-server-legacy.node.development.js:6417:31)
  renderNodeDestructive (F:\final year project\A-Real-Time-Autonomous-Smart-Cart-System-for-Human-Retail-Shopping-Assistance\frontend\node_modules\react-dom\cjs\react-dom-server-legacy.node.development.js:6367:11)
  run (F:\final year project\A-Real-Time-Autonomous-Smart-Cart-System-for-Human-Retail-Shopping-Assistance\frontend\node_modules\react-dom\cjs\react-dom-server-legacy.node.development.js:6063:15)
  retryNode (F:\final year project\A-Real-Time-Autonomous-Smart-Cart-System-for-Human-Retail-Shopping-Assistance\frontend\node_modules\react-dom\cjs\react-dom-server-legacy.node.development.js:6417:31)
  renderNodeDestructive (F:\final year project\A-Real-Time-Autonomous-Smart-Cart-System-for-Human-Retail-Shopping-Assistance\frontend\node_modules\react-dom\cjs\react-dom-server-legacy.node.development.js:6367:11)
  finishFunctionComponent (F:\final year project\A-Real-Time-Autonomous-Smart-Cart-System-for-Human-Retail-Shopping-Assistance\frontend\node_modules\react-dom\cjs\react-dom-server-legacy.node.development.js:5106:13)
  run (F:\final year project\A-Real-Time-Autonomous-Smart-Cart-System-for-Human-Retail-Shopping-Assistance\frontend\node_modules\react-dom\cjs\react-dom-server-legacy.node.development.js:5552:11)
  retryNode (F:\final year project\A-Real-Time-Autonomous-Smart-Cart-System-for-Human-Retail-Shopping-Assistance\frontend\node_modules\react-dom\cjs\react-dom-server-legacy.node.development.js:6417:31)
  renderNodeDestructive (F:\final year project\A-Real-Time-Autonomous-Smart-Cart-System-for-Human-Retail-Shopping-Assistance\frontend\node_modules\react-dom\cjs\react-dom-server-legacy.node.development.js:6367:11)
  run (F:\final year project\A-Real-Time-Autonomous-Smart-Cart-System-for-Human-Retail-Shopping-Assistance\frontend\node_modules\react-dom\cjs\react-dom-server-legacy.node.development.js:6063:15)
  retryNode (F:\final year project\A-Real-Time-Autonomous-Smart-Cart-System-for-Human-Retail-Shopping-Assistance\frontend\node_modules\react-dom\cjs\react-dom-server-legacy.node.development.js:6417:31)
  renderNodeDestructive (F:\final year project\A-Real-Time-Autonomous-Smart-Cart-System-for-Human-Retail-Shopping-Assistance\frontend\node_modules\react-dom\cjs\react-dom-server-legacy.node.development.js:6367:11)
  finishFunctionComponent (F:\final year project\A-Real-Time-Autonomous-Smart-Cart-System-for-Human-Retail-Shopping-Assistance\frontend\node_modules\react-dom\cjs\react-dom-server-legacy.node.development.js:5106:13)
  run (F:\final year project\A-Real-Time-Autonomous-Smart-Cart-System-for-Human-Retail-Shopping-Assistance\frontend\node_modules\react-dom\cjs\react-dom-server-legacy.node.development.js:5552:11)
  retryNode (F:\final year project\A-Real-Time-Autonomous-Smart-Cart-System-for-Human-Retail-Shopping-Assistance\frontend\node_modules\react-dom\cjs\react-dom-server-legacy.node.development.js:6417:31)
Web Bundled 2072ms node_modules\expo-router\entry.js (1 module)
Web Bundled 127ms node_modules\expo-router\entry.js (1 module)
Web  INFO  %cDownload the React DevTools for a better development experience: https://react.dev/link/react-devtools font-weight:bold
Web  LOG  Running application "main" with appParams:
 {"hydrate": undefined, "rootTag": "#root"} 
Development-level warnings: ON.
Performance optimizations: OFF.
Web  WARN  "shadow*" style props are deprecated. Use "boxShadow".
λ Bundled 227ms node_modules\expo\node_modules\@expo\cli\node_modules\@expo\router-server\node\render.js (1 module)
λ  WARN  "shadow*" style props are deprecated. Use "boxShadow". 
  console.logWithStack [as warn] (F:\final year project\A-Real-Time-Autonomous-Smart-Cart-System-for-Human-Retail-Shopping-Assistance\frontend\node_modules\expo\node_modules\@expo\cli\build\src\start\server\serverLogLikeMetro.js:214:27)
  warnOnce (F:\final year project\A-Real-Time-Autonomous-Smart-Cart-System-for-Human-Retail-Shopping-Assistance\frontend\node_modules\react-native-web\dist\modules\warnOnce\index.js:24:13)
  preprocess (F:\final year project\A-Real-Time-Autonomous-Smart-Cart-System-for-Human-Retail-Shopping-Assistance\frontend\node_modules\react-native-web\dist\exports\StyleSheet\preprocess.js:136:13)
  compileAndInsertAtomic (F:\final year project\A-Real-Time-Autonomous-Smart-Cart-System-for-Human-Retail-Shopping-Assistance\frontend\node_modules\react-native-web\dist\exports\StyleSheet\index.js:56:34)
  <unknown> (F:\final year project\A-Real-Time-Autonomous-Smart-Cart-System-for-Human-Retail-Shopping-Assistance\frontend\node_modules\react-native-web\dist\exports\StyleSheet\index.js:99:26)
  Function.create (F:\final year project\A-Real-Time-Autonomous-Smart-Cart-System-for-Human-Retail-Shopping-Assistance\frontend\node_modules\react-native-web\dist\exports\StyleSheet\index.js:87:23)
  factory (F:\final year project\A-Real-Time-Autonomous-Smart-Cart-System-for-Human-Retail-Shopping-Assistance\frontend\src\app\index.tsx:193:27)
  loadModuleImplementation (F:\final year project\A-Real-Time-Autonomous-Smart-Cart-System-for-Human-Retail-Shopping-Assistance\frontend\node_modules\metro\node_modules\metro-runtime\src\polyfills\require.js:285:5)
  guardedLoadModule (F:\final year project\A-Real-Time-Autonomous-Smart-Cart-System-for-Human-Retail-Shopping-Assistance\frontend\node_modules\metro\node_modules\metro-runtime\src\polyfills\require.js:183:21)
  require (F:\final year project\A-Real-Time-Autonomous-Smart-Cart-System-for-Human-Retail-Shopping-Assistance\frontend\node_modules\metro\node_modules\metro-runtime\src\polyfills\require.js:98:7)
  Object.loadRoute (F:\final year project\A-Real-Time-Autonomous-Smart-Cart-System-for-Human-Retail-Shopping-Assistance\frontend\node_modules\expo-router\build\getRoutesCore.js:239:35)
  runtimeValidateRouteNode (F:\final year project\A-Real-Time-Autonomous-Smart-Cart-System-for-Human-Retail-Shopping-Assistance\frontend\node_modules\expo-router\build\getRoutesCore.js:503:32)
  validateRouteTreeExports (F:\final year project\A-Real-Time-Autonomous-Smart-Cart-System-for-Human-Retail-Shopping-Assistance\frontend\node_modules\expo-router\build\getRoutesCore.js:514:5)
  validateRouteTreeExports (F:\final year project\A-Real-Time-Autonomous-Smart-Cart-System-for-Human-Retail-Shopping-Assistance\frontend\node_modules\expo-router\build\getRoutesCore.js:516:9)
  getRoutes (F:\final year project\A-Real-Time-Autonomous-Smart-Cart-System-for-Human-Retail-Shopping-Assistance\frontend\node_modules\expo-router\build\getRoutesCore.js:33:9)
  getRoutes (F:\final year project\A-Real-Time-Autonomous-Smart-Cart-System-for-Human-Retail-Shopping-Assistance\frontend\node_modules\expo-router\build\getRoutes.js:20:41)
  useStore (F:\final year project\A-Real-Time-Autonomous-Smart-Cart-System-for-Human-Retail-Shopping-Assistance\frontend\node_modules\expo-router\build\global-state\useStore.js:28:48)
  Component (F:\final year project\A-Real-Time-Autonomous-Smart-Cart-System-for-Human-Retail-Shopping-Assistance\frontend\node_modules\expo-router\build\ExpoRoot.js:122:46)
  Object.callComponentInDEV [as react_stack_bottom_frame] (F:\final year project\A-Real-Time-Autonomous-Smart-Cart-System-for-Human-Retail-Shopping-Assistance\frontend\node_modules\react-dom\cjs\react-dom-server-legacy.node.development.js:9808:18)
  renderWithHooks (F:\final year project\A-Real-Time-Autonomous-Smart-Cart-System-for-Human-Retail-Shopping-Assistance\frontend\node_modules\react-dom\cjs\react-dom-server-legacy.node.development.js:5062:19)
  run (F:\final year project\A-Real-Time-Autonomous-Smart-Cart-System-for-Human-Retail-Shopping-Assistance\frontend\node_modules\react-dom\cjs\react-dom-server-legacy.node.development.js:5497:23)
  retryNode (F:\final year project\A-Real-Time-Autonomous-Smart-Cart-System-for-Human-Retail-Shopping-Assistance\frontend\node_modules\react-dom\cjs\react-dom-server-legacy.node.development.js:6417:31)
  renderNodeDestructive (F:\final year project\A-Real-Time-Autonomous-Smart-Cart-System-for-Human-Retail-Shopping-Assistance\frontend\node_modules\react-dom\cjs\react-dom-server-legacy.node.development.js:6367:11)
  finishFunctionComponent (F:\final year project\A-Real-Time-Autonomous-Smart-Cart-System-for-Human-Retail-Shopping-Assistance\frontend\node_modules\react-dom\cjs\react-dom-server-legacy.node.development.js:5106:13)
  run (F:\final year project\A-Real-Time-Autonomous-Smart-Cart-System-for-Human-Retail-Shopping-Assistance\frontend\node_modules\react-dom\cjs\react-dom-server-legacy.node.development.js:5552:11)
  retryNode (F:\final year project\A-Real-Time-Autonomous-Smart-Cart-System-for-Human-Retail-Shopping-Assistance\frontend\node_modules\react-dom\cjs\react-dom-server-legacy.node.development.js:6417:31)
  renderNodeDestructive (F:\final year project\A-Real-Time-Autonomous-Smart-Cart-System-for-Human-Retail-Shopping-Assistance\frontend\node_modules\react-dom\cjs\react-dom-server-legacy.node.development.js:6367:11)
  finishFunctionComponent (F:\final year project\A-Real-Time-Autonomous-Smart-Cart-System-for-Human-Retail-Shopping-Assistance\frontend\node_modules\react-dom\cjs\react-dom-server-legacy.node.development.js:5106:13)
  run (F:\final year project\A-Real-Time-Autonomous-Smart-Cart-System-for-Human-Retail-Shopping-Assistance\frontend\node_modules\react-dom\cjs\react-dom-server-legacy.node.development.js:5552:11)
  retryNode (F:\final year project\A-Real-Time-Autonomous-Smart-Cart-System-for-Human-Retail-Shopping-Assistance\frontend\node_modules\react-dom\cjs\react-dom-server-legacy.node.development.js:6417:31)
  renderNodeDestructive (F:\final year project\A-Real-Time-Autonomous-Smart-Cart-System-for-Human-Retail-Shopping-Assistance\frontend\node_modules\react-dom\cjs\react-dom-server-legacy.node.development.js:6367:11)
  run (F:\final year project\A-Real-Time-Autonomous-Smart-Cart-System-for-Human-Retail-Shopping-Assistance\frontend\node_modules\react-dom\cjs\react-dom-server-legacy.node.development.js:6063:15)
  retryNode (F:\final year project\A-Real-Time-Autonomous-Smart-Cart-System-for-Human-Retail-Shopping-Assistance\frontend\node_modules\react-dom\cjs\react-dom-server-legacy.node.development.js:6417:31)
  renderNodeDestructive (F:\final year project\A-Real-Time-Autonomous-Smart-Cart-System-for-Human-Retail-Shopping-Assistance\frontend\node_modules\react-dom\cjs\react-dom-server-legacy.node.development.js:6367:11)
  run (F:\final year project\A-Real-Time-Autonomous-Smart-Cart-System-for-Human-Retail-Shopping-Assistance\frontend\node_modules\react-dom\cjs\react-dom-server-legacy.node.development.js:6063:15)
  retryNode (F:\final year project\A-Real-Time-Autonomous-Smart-Cart-System-for-Human-Retail-Shopping-Assistance\frontend\node_modules\react-dom\cjs\react-dom-server-legacy.node.development.js:6417:31)
  renderNodeDestructive (F:\final year project\A-Real-Time-Autonomous-Smart-Cart-System-for-Human-Retail-Shopping-Assistance\frontend\node_modules\react-dom\cjs\react-dom-server-legacy.node.development.js:6367:11)
  finishFunctionComponent (F:\final year project\A-Real-Time-Autonomous-Smart-Cart-System-for-Human-Retail-Shopping-Assistance\frontend\node_modules\react-dom\cjs\react-dom-server-legacy.node.development.js:5106:13)
  run (F:\final year project\A-Real-Time-Autonomous-Smart-Cart-System-for-Human-Retail-Shopping-Assistance\frontend\node_modules\react-dom\cjs\react-dom-server-legacy.node.development.js:5552:11)
  retryNode (F:\final year project\A-Real-Time-Autonomous-Smart-Cart-System-for-Human-Retail-Shopping-Assistance\frontend\node_modules\react-dom\cjs\react-dom-server-legacy.node.development.js:6417:31)
  renderNodeDestructive (F:\final year project\A-Real-Time-Autonomous-Smart-Cart-System-for-Human-Retail-Shopping-Assistance\frontend\node_modules\react-dom\cjs\react-dom-server-legacy.node.development.js:6367:11)
  run (F:\final year project\A-Real-Time-Autonomous-Smart-Cart-System-for-Human-Retail-Shopping-Assistance\frontend\node_modules\react-dom\cjs\react-dom-server-legacy.node.development.js:6063:15)
  retryNode (F:\final year project\A-Real-Time-Autonomous-Smart-Cart-System-for-Human-Retail-Shopping-Assistance\frontend\node_modules\react-dom\cjs\react-dom-server-legacy.node.development.js:6417:31)
  renderNodeDestructive (F:\final year project\A-Real-Time-Autonomous-Smart-Cart-System-for-Human-Retail-Shopping-Assistance\frontend\node_modules\react-dom\cjs\react-dom-server-legacy.node.development.js:6367:11)
  finishFunctionComponent (F:\final year project\A-Real-Time-Autonomous-Smart-Cart-System-for-Human-Retail-Shopping-Assistance\frontend\node_modules\react-dom\cjs\react-dom-server-legacy.node.development.js:5106:13)
  run (F:\final year project\A-Real-Time-Autonomous-Smart-Cart-System-for-Human-Retail-Shopping-Assistance\frontend\node_modules\react-dom\cjs\react-dom-server-legacy.node.development.js:5552:11)
  retryNode (F:\final year project\A-Real-Time-Autonomous-Smart-Cart-System-for-Human-Retail-Shopping-Assistance\frontend\node_modules\react-dom\cjs\react-dom-server-legacy.node.development.js:6417:31)
Web Bundled 1957ms node_modules\expo-router\entry.js (1 module)
Web Bundled 138ms node_modules\expo-router\entry.js (1 module)
Web  INFO  %cDownload the React DevTools for a better development experience: https://react.dev/link/react-devtools font-weight:bold
Web  LOG  Running application "main" with appParams:
 {"hydrate": undefined, "rootTag": "#root"} 
Development-level warnings: ON.
Performance optimizations: OFF.
Web  WARN  "shadow*" style props are deprecated. Use "boxShadow".
λ Bundled 212ms node_modules\expo\node_modules\@expo\cli\node_modules\@expo\router-server\node\render.js (1 module)
λ  WARN  "shadow*" style props are deprecated. Use "boxShadow". 
  console.logWithStack [as warn] (F:\final year project\A-Real-Time-Autonomous-Smart-Cart-System-for-Human-Retail-Shopping-Assistance\frontend\node_modules\expo\node_modules\@expo\cli\build\src\start\server\serverLogLikeMetro.js:214:27)
  warnOnce (F:\final year project\A-Real-Time-Autonomous-Smart-Cart-System-for-Human-Retail-Shopping-Assistance\frontend\node_modules\react-native-web\dist\modules\warnOnce\index.js:24:13)
  preprocess (F:\final year project\A-Real-Time-Autonomous-Smart-Cart-System-for-Human-Retail-Shopping-Assistance\frontend\node_modules\react-native-web\dist\exports\StyleSheet\preprocess.js:136:13)
  compileAndInsertAtomic (F:\final year project\A-Real-Time-Autonomous-Smart-Cart-System-for-Human-Retail-Shopping-Assistance\frontend\node_modules\react-native-web\dist\exports\StyleSheet\index.js:56:34)
  <unknown> (F:\final year project\A-Real-Time-Autonomous-Smart-Cart-System-for-Human-Retail-Shopping-Assistance\frontend\node_modules\react-native-web\dist\exports\StyleSheet\index.js:99:26)
  Function.create (F:\final year project\A-Real-Time-Autonomous-Smart-Cart-System-for-Human-Retail-Shopping-Assistance\frontend\node_modules\react-native-web\dist\exports\StyleSheet\index.js:87:23)
  factory (F:\final year project\A-Real-Time-Autonomous-Smart-Cart-System-for-Human-Retail-Shopping-Assistance\frontend\src\app\index.tsx:193:27)
  loadModuleImplementation (F:\final year project\A-Real-Time-Autonomous-Smart-Cart-System-for-Human-Retail-Shopping-Assistance\frontend\node_modules\metro\node_modules\metro-runtime\src\polyfills\require.js:285:5)
  guardedLoadModule (F:\final year project\A-Real-Time-Autonomous-Smart-Cart-System-for-Human-Retail-Shopping-Assistance\frontend\node_modules\metro\node_modules\metro-runtime\src\polyfills\require.js:183:21)
  require (F:\final year project\A-Real-Time-Autonomous-Smart-Cart-System-for-Human-Retail-Shopping-Assistance\frontend\node_modules\metro\node_modules\metro-runtime\src\polyfills\require.js:98:7)
  Object.loadRoute (F:\final year project\A-Real-Time-Autonomous-Smart-Cart-System-for-Human-Retail-Shopping-Assistance\frontend\node_modules\expo-router\build\getRoutesCore.js:239:35)
  runtimeValidateRouteNode (F:\final year project\A-Real-Time-Autonomous-Smart-Cart-System-for-Human-Retail-Shopping-Assistance\frontend\node_modules\expo-router\build\getRoutesCore.js:503:32)
  validateRouteTreeExports (F:\final year project\A-Real-Time-Autonomous-Smart-Cart-System-for-Human-Retail-Shopping-Assistance\frontend\node_modules\expo-router\build\getRoutesCore.js:514:5)
  validateRouteTreeExports (F:\final year project\A-Real-Time-Autonomous-Smart-Cart-System-for-Human-Retail-Shopping-Assistance\frontend\node_modules\expo-router\build\getRoutesCore.js:516:9)
  getRoutes (F:\final year project\A-Real-Time-Autonomous-Smart-Cart-System-for-Human-Retail-Shopping-Assistance\frontend\node_modules\expo-router\build\getRoutesCore.js:33:9)
  getRoutes (F:\final year project\A-Real-Time-Autonomous-Smart-Cart-System-for-Human-Retail-Shopping-Assistance\frontend\node_modules\expo-router\build\getRoutes.js:20:41)
  useStore (F:\final year project\A-Real-Time-Autonomous-Smart-Cart-System-for-Human-Retail-Shopping-Assistance\frontend\node_modules\expo-router\build\global-state\useStore.js:28:48)
  Component (F:\final year project\A-Real-Time-Autonomous-Smart-Cart-System-for-Human-Retail-Shopping-Assistance\frontend\node_modules\expo-router\build\ExpoRoot.js:122:46)
  Object.callComponentInDEV [as react_stack_bottom_frame] (F:\final year project\A-Real-Time-Autonomous-Smart-Cart-System-for-Human-Retail-Shopping-Assistance\frontend\node_modules\react-dom\cjs\react-dom-server-legacy.node.development.js:9808:18)
  renderWithHooks (F:\final year project\A-Real-Time-Autonomous-Smart-Cart-System-for-Human-Retail-Shopping-Assistance\frontend\node_modules\react-dom\cjs\react-dom-server-legacy.node.development.js:5062:19)
  run (F:\final year project\A-Real-Time-Autonomous-Smart-Cart-System-for-Human-Retail-Shopping-Assistance\frontend\node_modules\react-dom\cjs\react-dom-server-legacy.node.development.js:5497:23)
  retryNode (F:\final year project\A-Real-Time-Autonomous-Smart-Cart-System-for-Human-Retail-Shopping-Assistance\frontend\node_modules\react-dom\cjs\react-dom-server-legacy.node.development.js:6417:31)
  renderNodeDestructive (F:\final year project\A-Real-Time-Autonomous-Smart-Cart-System-for-Human-Retail-Shopping-Assistance\frontend\node_modules\react-dom\cjs\react-dom-server-legacy.node.development.js:6367:11)
  finishFunctionComponent (F:\final year project\A-Real-Time-Autonomous-Smart-Cart-System-for-Human-Retail-Shopping-Assistance\frontend\node_modules\react-dom\cjs\react-dom-server-legacy.node.development.js:5106:13)
  run (F:\final year project\A-Real-Time-Autonomous-Smart-Cart-System-for-Human-Retail-Shopping-Assistance\frontend\node_modules\react-dom\cjs\react-dom-server-legacy.node.development.js:5552:11)
  retryNode (F:\final year project\A-Real-Time-Autonomous-Smart-Cart-System-for-Human-Retail-Shopping-Assistance\frontend\node_modules\react-dom\cjs\react-dom-server-legacy.node.development.js:6417:31)
  renderNodeDestructive (F:\final year project\A-Real-Time-Autonomous-Smart-Cart-System-for-Human-Retail-Shopping-Assistance\frontend\node_modules\react-dom\cjs\react-dom-server-legacy.node.development.js:6367:11)
  finishFunctionComponent (F:\final year project\A-Real-Time-Autonomous-Smart-Cart-System-for-Human-Retail-Shopping-Assistance\frontend\node_modules\react-dom\cjs\react-dom-server-legacy.node.development.js:5106:13)
  run (F:\final year project\A-Real-Time-Autonomous-Smart-Cart-System-for-Human-Retail-Shopping-Assistance\frontend\node_modules\react-dom\cjs\react-dom-server-legacy.node.development.js:5552:11)
  retryNode (F:\final year project\A-Real-Time-Autonomous-Smart-Cart-System-for-Human-Retail-Shopping-Assistance\frontend\node_modules\react-dom\cjs\react-dom-server-legacy.node.development.js:6417:31)
  renderNodeDestructive (F:\final year project\A-Real-Time-Autonomous-Smart-Cart-System-for-Human-Retail-Shopping-Assistance\frontend\node_modules\react-dom\cjs\react-dom-server-legacy.node.development.js:6367:11)
  run (F:\final year project\A-Real-Time-Autonomous-Smart-Cart-System-for-Human-Retail-Shopping-Assistance\frontend\node_modules\react-dom\cjs\react-dom-server-legacy.node.development.js:6063:15)
  retryNode (F:\final year project\A-Real-Time-Autonomous-Smart-Cart-System-for-Human-Retail-Shopping-Assistance\frontend\node_modules\react-dom\cjs\react-dom-server-legacy.node.development.js:6417:31)
  renderNodeDestructive (F:\final year project\A-Real-Time-Autonomous-Smart-Cart-System-for-Human-Retail-Shopping-Assistance\frontend\node_modules\react-dom\cjs\react-dom-server-legacy.node.development.js:6367:11)
  run (F:\final year project\A-Real-Time-Autonomous-Smart-Cart-System-for-Human-Retail-Shopping-Assistance\frontend\node_modules\react-dom\cjs\react-dom-server-legacy.node.development.js:6063:15)
  retryNode (F:\final year project\A-Real-Time-Autonomous-Smart-Cart-System-for-Human-Retail-Shopping-Assistance\frontend\node_modules\react-dom\cjs\react-dom-server-legacy.node.development.js:6417:31)
  renderNodeDestructive (F:\final year project\A-Real-Time-Autonomous-Smart-Cart-System-for-Human-Retail-Shopping-Assistance\frontend\node_modules\react-dom\cjs\react-dom-server-legacy.node.development.js:6367:11)
  finishFunctionComponent (F:\final year project\A-Real-Time-Autonomous-Smart-Cart-System-for-Human-Retail-Shopping-Assistance\frontend\node_modules\react-dom\cjs\react-dom-server-legacy.node.development.js:5106:13)
  run (F:\final year project\A-Real-Time-Autonomous-Smart-Cart-System-for-Human-Retail-Shopping-Assistance\frontend\node_modules\react-dom\cjs\react-dom-server-legacy.node.development.js:5552:11)
  retryNode (F:\final year project\A-Real-Time-Autonomous-Smart-Cart-System-for-Human-Retail-Shopping-Assistance\frontend\node_modules\react-dom\cjs\react-dom-server-legacy.node.development.js:6417:31)
  renderNodeDestructive (F:\final year project\A-Real-Time-Autonomous-Smart-Cart-System-for-Human-Retail-Shopping-Assistance\frontend\node_modules\react-dom\cjs\react-dom-server-legacy.node.development.js:6367:11)
  run (F:\final year project\A-Real-Time-Autonomous-Smart-Cart-System-for-Human-Retail-Shopping-Assistance\frontend\node_modules\react-dom\cjs\react-dom-server-legacy.node.development.js:6063:15)
  retryNode (F:\final year project\A-Real-Time-Autonomous-Smart-Cart-System-for-Human-Retail-Shopping-Assistance\frontend\node_modules\react-dom\cjs\react-dom-server-legacy.node.development.js:6417:31)
  renderNodeDestructive (F:\final year project\A-Real-Time-Autonomous-Smart-Cart-System-for-Human-Retail-Shopping-Assistance\frontend\node_modules\react-dom\cjs\react-dom-server-legacy.node.development.js:6367:11)
  finishFunctionComponent (F:\final year project\A-Real-Time-Autonomous-Smart-Cart-System-for-Human-Retail-Shopping-Assistance\frontend\node_modules\react-dom\cjs\react-dom-server-legacy.node.development.js:5106:13)
  run (F:\final year project\A-Real-Time-Autonomous-Smart-Cart-System-for-Human-Retail-Shopping-Assistance\frontend\node_modules\react-dom\cjs\react-dom-server-legacy.node.development.js:5552:11)
  retryNode (F:\final year project\A-Real-Time-Autonomous-Smart-Cart-System-for-Human-Retail-Shopping-Assistance\frontend\node_modules\react-dom\cjs\react-dom-server-legacy.node.development.js:6417:31)
Web Bundled 1877ms node_modules\expo-router\entry.js (1 module)
Web Bundled 138ms node_modules\expo-router\entry.js (1 module)
Web  INFO  %cDownload the React DevTools for a better development experience: https://react.dev/link/react-devtools font-weight:bold
Web  LOG  Running application "main" with appParams:
 {"hydrate": undefined, "rootTag": "#root"} 
Development-level warnings: ON.
Performance optimizations: OFF.
Web  WARN  "shadow*" style props are deprecated. Use "boxShadow".
Web  WARN  props.pointerEvents is deprecated. Use style.pointerEvents
λ Bundled 77ms node_modules\expo\node_modules\@expo\cli\node_modules\@expo\router-server\node\render.js (1 module)
λ  WARN  "shadow*" style props are deprecated. Use "boxShadow". 
  console.logWithStack [as warn] (F:\final year project\A-Real-Time-Autonomous-Smart-Cart-System-for-Human-Retail-Shopping-Assistance\frontend\node_modules\expo\node_modules\@expo\cli\build\src\start\server\serverLogLikeMetro.js:214:27)
  warnOnce (F:\final year project\A-Real-Time-Autonomous-Smart-Cart-System-for-Human-Retail-Shopping-Assistance\frontend\node_modules\react-native-web\dist\modules\warnOnce\index.js:24:13)
  preprocess (F:\final year project\A-Real-Time-Autonomous-Smart-Cart-System-for-Human-Retail-Shopping-Assistance\frontend\node_modules\react-native-web\dist\exports\StyleSheet\preprocess.js:136:13)
  compileAndInsertAtomic (F:\final year project\A-Real-Time-Autonomous-Smart-Cart-System-for-Human-Retail-Shopping-Assistance\frontend\node_modules\react-native-web\dist\exports\StyleSheet\index.js:56:34)
  <unknown> (F:\final year project\A-Real-Time-Autonomous-Smart-Cart-System-for-Human-Retail-Shopping-Assistance\frontend\node_modules\react-native-web\dist\exports\StyleSheet\index.js:99:26)
  Function.create (F:\final year project\A-Real-Time-Autonomous-Smart-Cart-System-for-Human-Retail-Shopping-Assistance\frontend\node_modules\react-native-web\dist\exports\StyleSheet\index.js:87:23)
  factory (F:\final year project\A-Real-Time-Autonomous-Smart-Cart-System-for-Human-Retail-Shopping-Assistance\frontend\src\app\index.tsx:193:27)
  loadModuleImplementation (F:\final year project\A-Real-Time-Autonomous-Smart-Cart-System-for-Human-Retail-Shopping-Assistance\frontend\node_modules\metro\node_modules\metro-runtime\src\polyfills\require.js:285:5)
  guardedLoadModule (F:\final year project\A-Real-Time-Autonomous-Smart-Cart-System-for-Human-Retail-Shopping-Assistance\frontend\node_modules\metro\node_modules\metro-runtime\src\polyfills\require.js:183:21)
  require (F:\final year project\A-Real-Time-Autonomous-Smart-Cart-System-for-Human-Retail-Shopping-Assistance\frontend\node_modules\metro\node_modules\metro-runtime\src\polyfills\require.js:98:7)
  Object.loadRoute (F:\final year project\A-Real-Time-Autonomous-Smart-Cart-System-for-Human-Retail-Shopping-Assistance\frontend\node_modules\expo-router\build\getRoutesCore.js:239:35)
  runtimeValidateRouteNode (F:\final year project\A-Real-Time-Autonomous-Smart-Cart-System-for-Human-Retail-Shopping-Assistance\frontend\node_modules\expo-router\build\getRoutesCore.js:503:32)
  validateRouteTreeExports (F:\final year project\A-Real-Time-Autonomous-Smart-Cart-System-for-Human-Retail-Shopping-Assistance\frontend\node_modules\expo-router\build\getRoutesCore.js:514:5)
  validateRouteTreeExports (F:\final year project\A-Real-Time-Autonomous-Smart-Cart-System-for-Human-Retail-Shopping-Assistance\frontend\node_modules\expo-router\build\getRoutesCore.js:516:9)
  getRoutes (F:\final year project\A-Real-Time-Autonomous-Smart-Cart-System-for-Human-Retail-Shopping-Assistance\frontend\node_modules\expo-router\build\getRoutesCore.js:33:9)
  getRoutes (F:\final year project\A-Real-Time-Autonomous-Smart-Cart-System-for-Human-Retail-Shopping-Assistance\frontend\node_modules\expo-router\build\getRoutes.js:20:41)
  useStore (F:\final year project\A-Real-Time-Autonomous-Smart-Cart-System-for-Human-Retail-Shopping-Assistance\frontend\node_modules\expo-router\build\global-state\useStore.js:28:48)
  Component (F:\final year project\A-Real-Time-Autonomous-Smart-Cart-System-for-Human-Retail-Shopping-Assistance\frontend\node_modules\expo-router\build\ExpoRoot.js:122:46)
  Object.callComponentInDEV [as react_stack_bottom_frame] (F:\final year project\A-Real-Time-Autonomous-Smart-Cart-System-for-Human-Retail-Shopping-Assistance\frontend\node_modules\react-dom\cjs\react-dom-server-legacy.node.development.js:9808:18)
  renderWithHooks (F:\final year project\A-Real-Time-Autonomous-Smart-Cart-System-for-Human-Retail-Shopping-Assistance\frontend\node_modules\react-dom\cjs\react-dom-server-legacy.node.development.js:5062:19)
  run (F:\final year project\A-Real-Time-Autonomous-Smart-Cart-System-for-Human-Retail-Shopping-Assistance\frontend\node_modules\react-dom\cjs\react-dom-server-legacy.node.development.js:5497:23)
  retryNode (F:\final year project\A-Real-Time-Autonomous-Smart-Cart-System-for-Human-Retail-Shopping-Assistance\frontend\node_modules\react-dom\cjs\react-dom-server-legacy.node.development.js:6417:31)
  renderNodeDestructive (F:\final year project\A-Real-Time-Autonomous-Smart-Cart-System-for-Human-Retail-Shopping-Assistance\frontend\node_modules\react-dom\cjs\react-dom-server-legacy.node.development.js:6367:11)
  finishFunctionComponent (F:\final year project\A-Real-Time-Autonomous-Smart-Cart-System-for-Human-Retail-Shopping-Assistance\frontend\node_modules\react-dom\cjs\react-dom-server-legacy.node.development.js:5106:13)
  run (F:\final year project\A-Real-Time-Autonomous-Smart-Cart-System-for-Human-Retail-Shopping-Assistance\frontend\node_modules\react-dom\cjs\react-dom-server-legacy.node.development.js:5552:11)
  retryNode (F:\final year project\A-Real-Time-Autonomous-Smart-Cart-System-for-Human-Retail-Shopping-Assistance\frontend\node_modules\react-dom\cjs\react-dom-server-legacy.node.development.js:6417:31)
  renderNodeDestructive (F:\final year project\A-Real-Time-Autonomous-Smart-Cart-System-for-Human-Retail-Shopping-Assistance\frontend\node_modules\react-dom\cjs\react-dom-server-legacy.node.development.js:6367:11)
  finishFunctionComponent (F:\final year project\A-Real-Time-Autonomous-Smart-Cart-System-for-Human-Retail-Shopping-Assistance\frontend\node_modules\react-dom\cjs\react-dom-server-legacy.node.development.js:5106:13)
  run (F:\final year project\A-Real-Time-Autonomous-Smart-Cart-System-for-Human-Retail-Shopping-Assistance\frontend\node_modules\react-dom\cjs\react-dom-server-legacy.node.development.js:5552:11)
  retryNode (F:\final year project\A-Real-Time-Autonomous-Smart-Cart-System-for-Human-Retail-Shopping-Assistance\frontend\node_modules\react-dom\cjs\react-dom-server-legacy.node.development.js:6417:31)
  renderNodeDestructive (F:\final year project\A-Real-Time-Autonomous-Smart-Cart-System-for-Human-Retail-Shopping-Assistance\frontend\node_modules\react-dom\cjs\react-dom-server-legacy.node.development.js:6367:11)
  run (F:\final year project\A-Real-Time-Autonomous-Smart-Cart-System-for-Human-Retail-Shopping-Assistance\frontend\node_modules\react-dom\cjs\react-dom-server-legacy.node.development.js:6063:15)
  retryNode (F:\final year project\A-Real-Time-Autonomous-Smart-Cart-System-for-Human-Retail-Shopping-Assistance\frontend\node_modules\react-dom\cjs\react-dom-server-legacy.node.development.js:6417:31)
  renderNodeDestructive (F:\final year project\A-Real-Time-Autonomous-Smart-Cart-System-for-Human-Retail-Shopping-Assistance\frontend\node_modules\react-dom\cjs\react-dom-server-legacy.node.development.js:6367:11)
  run (F:\final year project\A-Real-Time-Autonomous-Smart-Cart-System-for-Human-Retail-Shopping-Assistance\frontend\node_modules\react-dom\cjs\react-dom-server-legacy.node.development.js:6063:15)
  retryNode (F:\final year project\A-Real-Time-Autonomous-Smart-Cart-System-for-Human-Retail-Shopping-Assistance\frontend\node_modules\react-dom\cjs\react-dom-server-legacy.node.development.js:6417:31)
  renderNodeDestructive (F:\final year project\A-Real-Time-Autonomous-Smart-Cart-System-for-Human-Retail-Shopping-Assistance\frontend\node_modules\react-dom\cjs\react-dom-server-legacy.node.development.js:6367:11)
  finishFunctionComponent (F:\final year project\A-Real-Time-Autonomous-Smart-Cart-System-for-Human-Retail-Shopping-Assistance\frontend\node_modules\react-dom\cjs\react-dom-server-legacy.node.development.js:5106:13)
  run (F:\final year project\A-Real-Time-Autonomous-Smart-Cart-System-for-Human-Retail-Shopping-Assistance\frontend\node_modules\react-dom\cjs\react-dom-server-legacy.node.development.js:5552:11)
  retryNode (F:\final year project\A-Real-Time-Autonomous-Smart-Cart-System-for-Human-Retail-Shopping-Assistance\frontend\node_modules\react-dom\cjs\react-dom-server-legacy.node.development.js:6417:31)
  renderNodeDestructive (F:\final year project\A-Real-Time-Autonomous-Smart-Cart-System-for-Human-Retail-Shopping-Assistance\frontend\node_modules\react-dom\cjs\react-dom-server-legacy.node.development.js:6367:11)
  run (F:\final year project\A-Real-Time-Autonomous-Smart-Cart-System-for-Human-Retail-Shopping-Assistance\frontend\node_modules\react-dom\cjs\react-dom-server-legacy.node.development.js:6063:15)
  retryNode (F:\final year project\A-Real-Time-Autonomous-Smart-Cart-System-for-Human-Retail-Shopping-Assistance\frontend\node_modules\react-dom\cjs\react-dom-server-legacy.node.development.js:6417:31)
  renderNodeDestructive (F:\final year project\A-Real-Time-Autonomous-Smart-Cart-System-for-Human-Retail-Shopping-Assistance\frontend\node_modules\react-dom\cjs\react-dom-server-legacy.node.development.js:6367:11)
  finishFunctionComponent (F:\final year project\A-Real-Time-Autonomous-Smart-Cart-System-for-Human-Retail-Shopping-Assistance\frontend\node_modules\react-dom\cjs\react-dom-server-legacy.node.development.js:5106:13)
  run (F:\final year project\A-Real-Time-Autonomous-Smart-Cart-System-for-Human-Retail-Shopping-Assistance\frontend\node_modules\react-dom\cjs\react-dom-server-legacy.node.development.js:5552:11)
  retryNode (F:\final year project\A-Real-Time-Autonomous-Smart-Cart-System-for-Human-Retail-Shopping-Assistance\frontend\node_modules\react-dom\cjs\react-dom-server-legacy.node.development.js:6417:31)
Web Bundled 740ms node_modules\expo-router\entry.js (1 module)
Web Bundled 86ms node_modules\expo-router\entry.js (1 module)
Web  INFO  %cDownload the React DevTools for a better development experience: https://react.dev/link/react-devtools font-weight:bold
Web  LOG  Running application "main" with appParams:
 {"hydrate": undefined, "rootTag": "#root"} 
Development-level warnings: ON.
Performance optimizations: OFF.
Web  WARN  "shadow*" style props are deprecated. Use "boxShadow".
Web  WARN  Cannot record touch end without a touch start.
 Touch End: {"identifier":0,"pageX":1552,"pageY":83,"timestamp":6504.099999964237}
 Touch Bank: []
λ Bundled 112ms node_modules\expo\node_modules\@expo\cli\node_modules\@expo\router-server\node\render.js (1 module)
λ  WARN  "shadow*" style props are deprecated. Use "boxShadow". 
  console.logWithStack [as warn] (F:\final year project\A-Real-Time-Autonomous-Smart-Cart-System-for-Human-Retail-Shopping-Assistance\frontend\node_modules\expo\node_modules\@expo\cli\build\src\start\server\serverLogLikeMetro.js:214:27)
  warnOnce (F:\final year project\A-Real-Time-Autonomous-Smart-Cart-System-for-Human-Retail-Shopping-Assistance\frontend\node_modules\react-native-web\dist\modules\warnOnce\index.js:24:13)
  preprocess (F:\final year project\A-Real-Time-Autonomous-Smart-Cart-System-for-Human-Retail-Shopping-Assistance\frontend\node_modules\react-native-web\dist\exports\StyleSheet\preprocess.js:136:13)
  compileAndInsertAtomic (F:\final year project\A-Real-Time-Autonomous-Smart-Cart-System-for-Human-Retail-Shopping-Assistance\frontend\node_modules\react-native-web\dist\exports\StyleSheet\index.js:56:34)
  <unknown> (F:\final year project\A-Real-Time-Autonomous-Smart-Cart-System-for-Human-Retail-Shopping-Assistance\frontend\node_modules\react-native-web\dist\exports\StyleSheet\index.js:99:26)
  Function.create (F:\final year project\A-Real-Time-Autonomous-Smart-Cart-System-for-Human-Retail-Shopping-Assistance\frontend\node_modules\react-native-web\dist\exports\StyleSheet\index.js:87:23)
  factory (F:\final year project\A-Real-Time-Autonomous-Smart-Cart-System-for-Human-Retail-Shopping-Assistance\frontend\src\app\index.tsx:193:27)
  loadModuleImplementation (F:\final year project\A-Real-Time-Autonomous-Smart-Cart-System-for-Human-Retail-Shopping-Assistance\frontend\node_modules\metro\node_modules\metro-runtime\src\polyfills\require.js:285:5)
  guardedLoadModule (F:\final year project\A-Real-Time-Autonomous-Smart-Cart-System-for-Human-Retail-Shopping-Assistance\frontend\node_modules\metro\node_modules\metro-runtime\src\polyfills\require.js:183:21)
  require (F:\final year project\A-Real-Time-Autonomous-Smart-Cart-System-for-Human-Retail-Shopping-Assistance\frontend\node_modules\metro\node_modules\metro-runtime\src\polyfills\require.js:98:7)
  Object.loadRoute (F:\final year project\A-Real-Time-Autonomous-Smart-Cart-System-for-Human-Retail-Shopping-Assistance\frontend\node_modules\expo-router\build\getRoutesCore.js:239:35)
  runtimeValidateRouteNode (F:\final year project\A-Real-Time-Autonomous-Smart-Cart-System-for-Human-Retail-Shopping-Assistance\frontend\node_modules\expo-router\build\getRoutesCore.js:503:32)
  validateRouteTreeExports (F:\final year project\A-Real-Time-Autonomous-Smart-Cart-System-for-Human-Retail-Shopping-Assistance\frontend\node_modules\expo-router\build\getRoutesCore.js:514:5)
  validateRouteTreeExports (F:\final year project\A-Real-Time-Autonomous-Smart-Cart-System-for-Human-Retail-Shopping-Assistance\frontend\node_modules\expo-router\build\getRoutesCore.js:516:9)
  getRoutes (F:\final year project\A-Real-Time-Autonomous-Smart-Cart-System-for-Human-Retail-Shopping-Assistance\frontend\node_modules\expo-router\build\getRoutesCore.js:33:9)
  getRoutes (F:\final year project\A-Real-Time-Autonomous-Smart-Cart-System-for-Human-Retail-Shopping-Assistance\frontend\node_modules\expo-router\build\getRoutes.js:20:41)
  useStore (F:\final year project\A-Real-Time-Autonomous-Smart-Cart-System-for-Human-Retail-Shopping-Assistance\frontend\node_modules\expo-router\build\global-state\useStore.js:28:48)
  Component (F:\final year project\A-Real-Time-Autonomous-Smart-Cart-System-for-Human-Retail-Shopping-Assistance\frontend\node_modules\expo-router\build\ExpoRoot.js:122:46)
  Object.callComponentInDEV [as react_stack_bottom_frame] (F:\final year project\A-Real-Time-Autonomous-Smart-Cart-System-for-Human-Retail-Shopping-Assistance\frontend\node_modules\react-dom\cjs\react-dom-server-legacy.node.development.js:9808:18)
  renderWithHooks (F:\final year project\A-Real-Time-Autonomous-Smart-Cart-System-for-Human-Retail-Shopping-Assistance\frontend\node_modules\react-dom\cjs\react-dom-server-legacy.node.development.js:5062:19)
  run (F:\final year project\A-Real-Time-Autonomous-Smart-Cart-System-for-Human-Retail-Shopping-Assistance\frontend\node_modules\react-dom\cjs\react-dom-server-legacy.node.development.js:5497:23)
  retryNode (F:\final year project\A-Real-Time-Autonomous-Smart-Cart-System-for-Human-Retail-Shopping-Assistance\frontend\node_modules\react-dom\cjs\react-dom-server-legacy.node.development.js:6417:31)
  renderNodeDestructive (F:\final year project\A-Real-Time-Autonomous-Smart-Cart-System-for-Human-Retail-Shopping-Assistance\frontend\node_modules\react-dom\cjs\react-dom-server-legacy.node.development.js:6367:11)
  finishFunctionComponent (F:\final year project\A-Real-Time-Autonomous-Smart-Cart-System-for-Human-Retail-Shopping-Assistance\frontend\node_modules\react-dom\cjs\react-dom-server-legacy.node.development.js:5106:13)
  run (F:\final year project\A-Real-Time-Autonomous-Smart-Cart-System-for-Human-Retail-Shopping-Assistance\frontend\node_modules\react-dom\cjs\react-dom-server-legacy.node.development.js:5552:11)
  retryNode (F:\final year project\A-Real-Time-Autonomous-Smart-Cart-System-for-Human-Retail-Shopping-Assistance\frontend\node_modules\react-dom\cjs\react-dom-server-legacy.node.development.js:6417:31)
  renderNodeDestructive (F:\final year project\A-Real-Time-Autonomous-Smart-Cart-System-for-Human-Retail-Shopping-Assistance\frontend\node_modules\react-dom\cjs\react-dom-server-legacy.node.development.js:6367:11)
  finishFunctionComponent (F:\final year project\A-Real-Time-Autonomous-Smart-Cart-System-for-Human-Retail-Shopping-Assistance\frontend\node_modules\react-dom\cjs\react-dom-server-legacy.node.development.js:5106:13)
  run (F:\final year project\A-Real-Time-Autonomous-Smart-Cart-System-for-Human-Retail-Shopping-Assistance\frontend\node_modules\react-dom\cjs\react-dom-server-legacy.node.development.js:5552:11)
  retryNode (F:\final year project\A-Real-Time-Autonomous-Smart-Cart-System-for-Human-Retail-Shopping-Assistance\frontend\node_modules\react-dom\cjs\react-dom-server-legacy.node.development.js:6417:31)
  renderNodeDestructive (F:\final year project\A-Real-Time-Autonomous-Smart-Cart-System-for-Human-Retail-Shopping-Assistance\frontend\node_modules\react-dom\cjs\react-dom-server-legacy.node.development.js:6367:11)
  run (F:\final year project\A-Real-Time-Autonomous-Smart-Cart-System-for-Human-Retail-Shopping-Assistance\frontend\node_modules\react-dom\cjs\react-dom-server-legacy.node.development.js:6063:15)
  retryNode (F:\final year project\A-Real-Time-Autonomous-Smart-Cart-System-for-Human-Retail-Shopping-Assistance\frontend\node_modules\react-dom\cjs\react-dom-server-legacy.node.development.js:6417:31)
  renderNodeDestructive (F:\final year project\A-Real-Time-Autonomous-Smart-Cart-System-for-Human-Retail-Shopping-Assistance\frontend\node_modules\react-dom\cjs\react-dom-server-legacy.node.development.js:6367:11)
  run (F:\final year project\A-Real-Time-Autonomous-Smart-Cart-System-for-Human-Retail-Shopping-Assistance\frontend\node_modules\react-dom\cjs\react-dom-server-legacy.node.development.js:6063:15)
  retryNode (F:\final year project\A-Real-Time-Autonomous-Smart-Cart-System-for-Human-Retail-Shopping-Assistance\frontend\node_modules\react-dom\cjs\react-dom-server-legacy.node.development.js:6417:31)
  renderNodeDestructive (F:\final year project\A-Real-Time-Autonomous-Smart-Cart-System-for-Human-Retail-Shopping-Assistance\frontend\node_modules\react-dom\cjs\react-dom-server-legacy.node.development.js:6367:11)
  finishFunctionComponent (F:\final year project\A-Real-Time-Autonomous-Smart-Cart-System-for-Human-Retail-Shopping-Assistance\frontend\node_modules\react-dom\cjs\react-dom-server-legacy.node.development.js:5106:13)
  run (F:\final year project\A-Real-Time-Autonomous-Smart-Cart-System-for-Human-Retail-Shopping-Assistance\frontend\node_modules\react-dom\cjs\react-dom-server-legacy.node.development.js:5552:11)
  retryNode (F:\final year project\A-Real-Time-Autonomous-Smart-Cart-System-for-Human-Retail-Shopping-Assistance\frontend\node_modules\react-dom\cjs\react-dom-server-legacy.node.development.js:6417:31)
  renderNodeDestructive (F:\final year project\A-Real-Time-Autonomous-Smart-Cart-System-for-Human-Retail-Shopping-Assistance\frontend\node_modules\react-dom\cjs\react-dom-server-legacy.node.development.js:6367:11)
  run (F:\final year project\A-Real-Time-Autonomous-Smart-Cart-System-for-Human-Retail-Shopping-Assistance\frontend\node_modules\react-dom\cjs\react-dom-server-legacy.node.development.js:6063:15)
  retryNode (F:\final year project\A-Real-Time-Autonomous-Smart-Cart-System-for-Human-Retail-Shopping-Assistance\frontend\node_modules\react-dom\cjs\react-dom-server-legacy.node.development.js:6417:31)
  renderNodeDestructive (F:\final year project\A-Real-Time-Autonomous-Smart-Cart-System-for-Human-Retail-Shopping-Assistance\frontend\node_modules\react-dom\cjs\react-dom-server-legacy.node.development.js:6367:11)
  finishFunctionComponent (F:\final year project\A-Real-Time-Autonomous-Smart-Cart-System-for-Human-Retail-Shopping-Assistance\frontend\node_modules\react-dom\cjs\react-dom-server-legacy.node.development.js:5106:13)
  run (F:\final year project\A-Real-Time-Autonomous-Smart-Cart-System-for-Human-Retail-Shopping-Assistance\frontend\node_modules\react-dom\cjs\react-dom-server-legacy.node.development.js:5552:11)
  retryNode (F:\final year project\A-Real-Time-Autonomous-Smart-Cart-System-for-Human-Retail-Shopping-Assistance\frontend\node_modules\react-dom\cjs\react-dom-server-legacy.node.development.js:6417:31)
Web Bundled 1758ms node_modules\expo-router\entry.js (1 module)
Web  WARN  props.pointerEvents is deprecated. Use style.pointerEvents
λ Bundled 176ms node_modules\expo\node_modules\@expo\cli\node_modules\@expo\router-server\node\render.js (1 module)
λ  WARN  "shadow*" style props are deprecated. Use "boxShadow". 
  console.logWithStack [as warn] (F:\final year project\A-Real-Time-Autonomous-Smart-Cart-System-for-Human-Retail-Shopping-Assistance\frontend\node_modules\expo\node_modules\@expo\cli\build\src\start\server\serverLogLikeMetro.js:214:27)
  warnOnce (F:\final year project\A-Real-Time-Autonomous-Smart-Cart-System-for-Human-Retail-Shopping-Assistance\frontend\node_modules\react-native-web\dist\modules\warnOnce\index.js:24:13)
  preprocess (F:\final year project\A-Real-Time-Autonomous-Smart-Cart-System-for-Human-Retail-Shopping-Assistance\frontend\node_modules\react-native-web\dist\exports\StyleSheet\preprocess.js:136:13)
  compileAndInsertAtomic (F:\final year project\A-Real-Time-Autonomous-Smart-Cart-System-for-Human-Retail-Shopping-Assistance\frontend\node_modules\react-native-web\dist\exports\StyleSheet\index.js:56:34)
  <unknown> (F:\final year project\A-Real-Time-Autonomous-Smart-Cart-System-for-Human-Retail-Shopping-Assistance\frontend\node_modules\react-native-web\dist\exports\StyleSheet\index.js:99:26)
  Function.create (F:\final year project\A-Real-Time-Autonomous-Smart-Cart-System-for-Human-Retail-Shopping-Assistance\frontend\node_modules\react-native-web\dist\exports\StyleSheet\index.js:87:23)
  factory (F:\final year project\A-Real-Time-Autonomous-Smart-Cart-System-for-Human-Retail-Shopping-Assistance\frontend\src\app\index.tsx:193:27)
  loadModuleImplementation (F:\final year project\A-Real-Time-Autonomous-Smart-Cart-System-for-Human-Retail-Shopping-Assistance\frontend\node_modules\metro\node_modules\metro-runtime\src\polyfills\require.js:285:5)
  guardedLoadModule (F:\final year project\A-Real-Time-Autonomous-Smart-Cart-System-for-Human-Retail-Shopping-Assistance\frontend\node_modules\metro\node_modules\metro-runtime\src\polyfills\require.js:183:21)
  require (F:\final year project\A-Real-Time-Autonomous-Smart-Cart-System-for-Human-Retail-Shopping-Assistance\frontend\node_modules\metro\node_modules\metro-runtime\src\polyfills\require.js:98:7)
  Object.loadRoute (F:\final year project\A-Real-Time-Autonomous-Smart-Cart-System-for-Human-Retail-Shopping-Assistance\frontend\node_modules\expo-router\build\getRoutesCore.js:239:35)
  runtimeValidateRouteNode (F:\final year project\A-Real-Time-Autonomous-Smart-Cart-System-for-Human-Retail-Shopping-Assistance\frontend\node_modules\expo-router\build\getRoutesCore.js:503:32)
  validateRouteTreeExports (F:\final year project\A-Real-Time-Autonomous-Smart-Cart-System-for-Human-Retail-Shopping-Assistance\frontend\node_modules\expo-router\build\getRoutesCore.js:514:5)
  validateRouteTreeExports (F:\final year project\A-Real-Time-Autonomous-Smart-Cart-System-for-Human-Retail-Shopping-Assistance\frontend\node_modules\expo-router\build\getRoutesCore.js:516:9)
  getRoutes (F:\final year project\A-Real-Time-Autonomous-Smart-Cart-System-for-Human-Retail-Shopping-Assistance\frontend\node_modules\expo-router\build\getRoutesCore.js:33:9)
  getRoutes (F:\final year project\A-Real-Time-Autonomous-Smart-Cart-System-for-Human-Retail-Shopping-Assistance\frontend\node_modules\expo-router\build\getRoutes.js:20:41)
  useStore (F:\final year project\A-Real-Time-Autonomous-Smart-Cart-System-for-Human-Retail-Shopping-Assistance\frontend\node_modules\expo-router\build\global-state\useStore.js:28:48)
  Component (F:\final year project\A-Real-Time-Autonomous-Smart-Cart-System-for-Human-Retail-Shopping-Assistance\frontend\node_modules\expo-router\build\ExpoRoot.js:122:46)
  Object.callComponentInDEV [as react_stack_bottom_frame] (F:\final year project\A-Real-Time-Autonomous-Smart-Cart-System-for-Human-Retail-Shopping-Assistance\frontend\node_modules\react-dom\cjs\react-dom-server-legacy.node.development.js:9808:18)
  renderWithHooks (F:\final year project\A-Real-Time-Autonomous-Smart-Cart-System-for-Human-Retail-Shopping-Assistance\frontend\node_modules\react-dom\cjs\react-dom-server-legacy.node.development.js:5062:19)
  run (F:\final year project\A-Real-Time-Autonomous-Smart-Cart-System-for-Human-Retail-Shopping-Assistance\frontend\node_modules\react-dom\cjs\react-dom-server-legacy.node.development.js:5497:23)
  retryNode (F:\final year project\A-Real-Time-Autonomous-Smart-Cart-System-for-Human-Retail-Shopping-Assistance\frontend\node_modules\react-dom\cjs\react-dom-server-legacy.node.development.js:6417:31)
  renderNodeDestructive (F:\final year project\A-Real-Time-Autonomous-Smart-Cart-System-for-Human-Retail-Shopping-Assistance\frontend\node_modules\react-dom\cjs\react-dom-server-legacy.node.development.js:6367:11)
  finishFunctionComponent (F:\final year project\A-Real-Time-Autonomous-Smart-Cart-System-for-Human-Retail-Shopping-Assistance\frontend\node_modules\react-dom\cjs\react-dom-server-legacy.node.development.js:5106:13)
  run (F:\final year project\A-Real-Time-Autonomous-Smart-Cart-System-for-Human-Retail-Shopping-Assistance\frontend\node_modules\react-dom\cjs\react-dom-server-legacy.node.development.js:5552:11)
  retryNode (F:\final year project\A-Real-Time-Autonomous-Smart-Cart-System-for-Human-Retail-Shopping-Assistance\frontend\node_modules\react-dom\cjs\react-dom-server-legacy.node.development.js:6417:31)
  renderNodeDestructive (F:\final year project\A-Real-Time-Autonomous-Smart-Cart-System-for-Human-Retail-Shopping-Assistance\frontend\node_modules\react-dom\cjs\react-dom-server-legacy.node.development.js:6367:11)
  finishFunctionComponent (F:\final year project\A-Real-Time-Autonomous-Smart-Cart-System-for-Human-Retail-Shopping-Assistance\frontend\node_modules\react-dom\cjs\react-dom-server-legacy.node.development.js:5106:13)
  run (F:\final year project\A-Real-Time-Autonomous-Smart-Cart-System-for-Human-Retail-Shopping-Assistance\frontend\node_modules\react-dom\cjs\react-dom-server-legacy.node.development.js:5552:11)
  retryNode (F:\final year project\A-Real-Time-Autonomous-Smart-Cart-System-for-Human-Retail-Shopping-Assistance\frontend\node_modules\react-dom\cjs\react-dom-server-legacy.node.development.js:6417:31)
  renderNodeDestructive (F:\final year project\A-Real-Time-Autonomous-Smart-Cart-System-for-Human-Retail-Shopping-Assistance\frontend\node_modules\react-dom\cjs\react-dom-server-legacy.node.development.js:6367:11)
  run (F:\final year project\A-Real-Time-Autonomous-Smart-Cart-System-for-Human-Retail-Shopping-Assistance\frontend\node_modules\react-dom\cjs\react-dom-server-legacy.node.development.js:6063:15)
  retryNode (F:\final year project\A-Real-Time-Autonomous-Smart-Cart-System-for-Human-Retail-Shopping-Assistance\frontend\node_modules\react-dom\cjs\react-dom-server-legacy.node.development.js:6417:31)
  renderNodeDestructive (F:\final year project\A-Real-Time-Autonomous-Smart-Cart-System-for-Human-Retail-Shopping-Assistance\frontend\node_modules\react-dom\cjs\react-dom-server-legacy.node.development.js:6367:11)
  run (F:\final year project\A-Real-Time-Autonomous-Smart-Cart-System-for-Human-Retail-Shopping-Assistance\frontend\node_modules\react-dom\cjs\react-dom-server-legacy.node.development.js:6063:15)
  retryNode (F:\final year project\A-Real-Time-Autonomous-Smart-Cart-System-for-Human-Retail-Shopping-Assistance\frontend\node_modules\react-dom\cjs\react-dom-server-legacy.node.development.js:6417:31)
  renderNodeDestructive (F:\final year project\A-Real-Time-Autonomous-Smart-Cart-System-for-Human-Retail-Shopping-Assistance\frontend\node_modules\react-dom\cjs\react-dom-server-legacy.node.development.js:6367:11)
  finishFunctionComponent (F:\final year project\A-Real-Time-Autonomous-Smart-Cart-System-for-Human-Retail-Shopping-Assistance\frontend\node_modules\react-dom\cjs\react-dom-server-legacy.node.development.js:5106:13)
  run (F:\final year project\A-Real-Time-Autonomous-Smart-Cart-System-for-Human-Retail-Shopping-Assistance\frontend\node_modules\react-dom\cjs\react-dom-server-legacy.node.development.js:5552:11)
  retryNode (F:\final year project\A-Real-Time-Autonomous-Smart-Cart-System-for-Human-Retail-Shopping-Assistance\frontend\node_modules\react-dom\cjs\react-dom-server-legacy.node.development.js:6417:31)
  renderNodeDestructive (F:\final year project\A-Real-Time-Autonomous-Smart-Cart-System-for-Human-Retail-Shopping-Assistance\frontend\node_modules\react-dom\cjs\react-dom-server-legacy.node.development.js:6367:11)
  run (F:\final year project\A-Real-Time-Autonomous-Smart-Cart-System-for-Human-Retail-Shopping-Assistance\frontend\node_modules\react-dom\cjs\react-dom-server-legacy.node.development.js:6063:15)
  retryNode (F:\final year project\A-Real-Time-Autonomous-Smart-Cart-System-for-Human-Retail-Shopping-Assistance\frontend\node_modules\react-dom\cjs\react-dom-server-legacy.node.development.js:6417:31)
  renderNodeDestructive (F:\final year project\A-Real-Time-Autonomous-Smart-Cart-System-for-Human-Retail-Shopping-Assistance\frontend\node_modules\react-dom\cjs\react-dom-server-legacy.node.development.js:6367:11)
  finishFunctionComponent (F:\final year project\A-Real-Time-Autonomous-Smart-Cart-System-for-Human-Retail-Shopping-Assistance\frontend\node_modules\react-dom\cjs\react-dom-server-legacy.node.development.js:5106:13)
  run (F:\final year project\A-Real-Time-Autonomous-Smart-Cart-System-for-Human-Retail-Shopping-Assistance\frontend\node_modules\react-dom\cjs\react-dom-server-legacy.node.development.js:5552:11)
  retryNode (F:\final year project\A-Real-Time-Autonomous-Smart-Cart-System-for-Human-Retail-Shopping-Assistance\frontend\node_modules\react-dom\cjs\react-dom-server-legacy.node.development.js:6417:31)
λ Bundled 114ms node_modules\expo\node_modules\@expo\cli\node_modules\@expo\router-server\node\render.js (1 module)
λ Bundled 108ms node_modules\expo\node_modules\@expo\cli\node_modules\@expo\router-server\node\render.js (1 module)
λ  WARN  "shadow*" style props are deprecated. Use "boxShadow". 
  console.logWithStack [as warn] (F:\final year project\A-Real-Time-Autonomous-Smart-Cart-System-for-Human-Retail-Shopping-Assistance\frontend\node_modules\expo\node_modules\@expo\cli\build\src\start\server\serverLogLikeMetro.js:214:27)
  warnOnce (F:\final year project\A-Real-Time-Autonomous-Smart-Cart-System-for-Human-Retail-Shopping-Assistance\frontend\node_modules\react-native-web\dist\modules\warnOnce\index.js:24:13)
  preprocess (F:\final year project\A-Real-Time-Autonomous-Smart-Cart-System-for-Human-Retail-Shopping-Assistance\frontend\node_modules\react-native-web\dist\exports\StyleSheet\preprocess.js:136:13)
  compileAndInsertAtomic (F:\final year project\A-Real-Time-Autonomous-Smart-Cart-System-for-Human-Retail-Shopping-Assistance\frontend\node_modules\react-native-web\dist\exports\StyleSheet\index.js:56:34)
  <unknown> (F:\final year project\A-Real-Time-Autonomous-Smart-Cart-System-for-Human-Retail-Shopping-Assistance\frontend\node_modules\react-native-web\dist\exports\StyleSheet\index.js:99:26)
  Function.create (F:\final year project\A-Real-Time-Autonomous-Smart-Cart-System-for-Human-Retail-Shopping-Assistance\frontend\node_modules\react-native-web\dist\exports\StyleSheet\index.js:87:23)
  factory (F:\final year project\A-Real-Time-Autonomous-Smart-Cart-System-for-Human-Retail-Shopping-Assistance\frontend\src\app\index.tsx:193:27)
  loadModuleImplementation (F:\final year project\A-Real-Time-Autonomous-Smart-Cart-System-for-Human-Retail-Shopping-Assistance\frontend\node_modules\metro\node_modules\metro-runtime\src\polyfills\require.js:285:5)
  guardedLoadModule (F:\final year project\A-Real-Time-Autonomous-Smart-Cart-System-for-Human-Retail-Shopping-Assistance\frontend\node_modules\metro\node_modules\metro-runtime\src\polyfills\require.js:183:21)
  require (F:\final year project\A-Real-Time-Autonomous-Smart-Cart-System-for-Human-Retail-Shopping-Assistance\frontend\node_modules\metro\node_modules\metro-runtime\src\polyfills\require.js:98:7)
  Object.loadRoute (F:\final year project\A-Real-Time-Autonomous-Smart-Cart-System-for-Human-Retail-Shopping-Assistance\frontend\node_modules\expo-router\build\getRoutesCore.js:239:35)
  runtimeValidateRouteNode (F:\final year project\A-Real-Time-Autonomous-Smart-Cart-System-for-Human-Retail-Shopping-Assistance\frontend\node_modules\expo-router\build\getRoutesCore.js:503:32)
  validateRouteTreeExports (F:\final year project\A-Real-Time-Autonomous-Smart-Cart-System-for-Human-Retail-Shopping-Assistance\frontend\node_modules\expo-router\build\getRoutesCore.js:514:5)
  validateRouteTreeExports (F:\final year project\A-Real-Time-Autonomous-Smart-Cart-System-for-Human-Retail-Shopping-Assistance\frontend\node_modules\expo-router\build\getRoutesCore.js:516:9)
  getRoutes (F:\final year project\A-Real-Time-Autonomous-Smart-Cart-System-for-Human-Retail-Shopping-Assistance\frontend\node_modules\expo-router\build\getRoutesCore.js:33:9)
  getRoutes (F:\final year project\A-Real-Time-Autonomous-Smart-Cart-System-for-Human-Retail-Shopping-Assistance\frontend\node_modules\expo-router\build\getRoutes.js:20:41)
  useStore (F:\final year project\A-Real-Time-Autonomous-Smart-Cart-System-for-Human-Retail-Shopping-Assistance\frontend\node_modules\expo-router\build\global-state\useStore.js:28:48)
  Component (F:\final year project\A-Real-Time-Autonomous-Smart-Cart-System-for-Human-Retail-Shopping-Assistance\frontend\node_modules\expo-router\build\ExpoRoot.js:122:46)
  Object.callComponentInDEV [as react_stack_bottom_frame] (F:\final year project\A-Real-Time-Autonomous-Smart-Cart-System-for-Human-Retail-Shopping-Assistance\frontend\node_modules\react-dom\cjs\react-dom-server-legacy.node.development.js:9808:18)
  renderWithHooks (F:\final year project\A-Real-Time-Autonomous-Smart-Cart-System-for-Human-Retail-Shopping-Assistance\frontend\node_modules\react-dom\cjs\react-dom-server-legacy.node.development.js:5062:19)
  run (F:\final year project\A-Real-Time-Autonomous-Smart-Cart-System-for-Human-Retail-Shopping-Assistance\frontend\node_modules\react-dom\cjs\react-dom-server-legacy.node.development.js:5497:23)
  retryNode (F:\final year project\A-Real-Time-Autonomous-Smart-Cart-System-for-Human-Retail-Shopping-Assistance\frontend\node_modules\react-dom\cjs\react-dom-server-legacy.node.development.js:6417:31)
  renderNodeDestructive (F:\final year project\A-Real-Time-Autonomous-Smart-Cart-System-for-Human-Retail-Shopping-Assistance\frontend\node_modules\react-dom\cjs\react-dom-server-legacy.node.development.js:6367:11)
  finishFunctionComponent (F:\final year project\A-Real-Time-Autonomous-Smart-Cart-System-for-Human-Retail-Shopping-Assistance\frontend\node_modules\react-dom\cjs\react-dom-server-legacy.node.development.js:5106:13)
  run (F:\final year project\A-Real-Time-Autonomous-Smart-Cart-System-for-Human-Retail-Shopping-Assistance\frontend\node_modules\react-dom\cjs\react-dom-server-legacy.node.development.js:5552:11)
  retryNode (F:\final year project\A-Real-Time-Autonomous-Smart-Cart-System-for-Human-Retail-Shopping-Assistance\frontend\node_modules\react-dom\cjs\react-dom-server-legacy.node.development.js:6417:31)
  renderNodeDestructive (F:\final year project\A-Real-Time-Autonomous-Smart-Cart-System-for-Human-Retail-Shopping-Assistance\frontend\node_modules\react-dom\cjs\react-dom-server-legacy.node.development.js:6367:11)
  finishFunctionComponent (F:\final year project\A-Real-Time-Autonomous-Smart-Cart-System-for-Human-Retail-Shopping-Assistance\frontend\node_modules\react-dom\cjs\react-dom-server-legacy.node.development.js:5106:13)
  run (F:\final year project\A-Real-Time-Autonomous-Smart-Cart-System-for-Human-Retail-Shopping-Assistance\frontend\node_modules\react-dom\cjs\react-dom-server-legacy.node.development.js:5552:11)
  retryNode (F:\final year project\A-Real-Time-Autonomous-Smart-Cart-System-for-Human-Retail-Shopping-Assistance\frontend\node_modules\react-dom\cjs\react-dom-server-legacy.node.development.js:6417:31)
  renderNodeDestructive (F:\final year project\A-Real-Time-Autonomous-Smart-Cart-System-for-Human-Retail-Shopping-Assistance\frontend\node_modules\react-dom\cjs\react-dom-server-legacy.node.development.js:6367:11)
  run (F:\final year project\A-Real-Time-Autonomous-Smart-Cart-System-for-Human-Retail-Shopping-Assistance\frontend\node_modules\react-dom\cjs\react-dom-server-legacy.node.development.js:6063:15)
  retryNode (F:\final year project\A-Real-Time-Autonomous-Smart-Cart-System-for-Human-Retail-Shopping-Assistance\frontend\node_modules\react-dom\cjs\react-dom-server-legacy.node.development.js:6417:31)
  renderNodeDestructive (F:\final year project\A-Real-Time-Autonomous-Smart-Cart-System-for-Human-Retail-Shopping-Assistance\frontend\node_modules\react-dom\cjs\react-dom-server-legacy.node.development.js:6367:11)
  run (F:\final year project\A-Real-Time-Autonomous-Smart-Cart-System-for-Human-Retail-Shopping-Assistance\frontend\node_modules\react-dom\cjs\react-dom-server-legacy.node.development.js:6063:15)
  retryNode (F:\final year project\A-Real-Time-Autonomous-Smart-Cart-System-for-Human-Retail-Shopping-Assistance\frontend\node_modules\react-dom\cjs\react-dom-server-legacy.node.development.js:6417:31)
  renderNodeDestructive (F:\final year project\A-Real-Time-Autonomous-Smart-Cart-System-for-Human-Retail-Shopping-Assistance\frontend\node_modules\react-dom\cjs\react-dom-server-legacy.node.development.js:6367:11)
  finishFunctionComponent (F:\final year project\A-Real-Time-Autonomous-Smart-Cart-System-for-Human-Retail-Shopping-Assistance\frontend\node_modules\react-dom\cjs\react-dom-server-legacy.node.development.js:5106:13)
  run (F:\final year project\A-Real-Time-Autonomous-Smart-Cart-System-for-Human-Retail-Shopping-Assistance\frontend\node_modules\react-dom\cjs\react-dom-server-legacy.node.development.js:5552:11)
  retryNode (F:\final year project\A-Real-Time-Autonomous-Smart-Cart-System-for-Human-Retail-Shopping-Assistance\frontend\node_modules\react-dom\cjs\react-dom-server-legacy.node.development.js:6417:31)
  renderNodeDestructive (F:\final year project\A-Real-Time-Autonomous-Smart-Cart-System-for-Human-Retail-Shopping-Assistance\frontend\node_modules\react-dom\cjs\react-dom-server-legacy.node.development.js:6367:11)
  run (F:\final year project\A-Real-Time-Autonomous-Smart-Cart-System-for-Human-Retail-Shopping-Assistance\frontend\node_modules\react-dom\cjs\react-dom-server-legacy.node.development.js:6063:15)
  retryNode (F:\final year project\A-Real-Time-Autonomous-Smart-Cart-System-for-Human-Retail-Shopping-Assistance\frontend\node_modules\react-dom\cjs\react-dom-server-legacy.node.development.js:6417:31)
  renderNodeDestructive (F:\final year project\A-Real-Time-Autonomous-Smart-Cart-System-for-Human-Retail-Shopping-Assistance\frontend\node_modules\react-dom\cjs\react-dom-server-legacy.node.development.js:6367:11)
  finishFunctionComponent (F:\final year project\A-Real-Time-Autonomous-Smart-Cart-System-for-Human-Retail-Shopping-Assistance\frontend\node_modules\react-dom\cjs\react-dom-server-legacy.node.development.js:5106:13)
  run (F:\final year project\A-Real-Time-Autonomous-Smart-Cart-System-for-Human-Retail-Shopping-Assistance\frontend\node_modules\react-dom\cjs\react-dom-server-legacy.node.development.js:5552:11)
  retryNode (F:\final year project\A-Real-Time-Autonomous-Smart-Cart-System-for-Human-Retail-Shopping-Assistance\frontend\node_modules\react-dom\cjs\react-dom-server-legacy.node.development.js:6417:31)
λ  WARN  "shadow*" style props are deprecated. Use "boxShadow". 
  console.logWithStack [as warn] (F:\final year project\A-Real-Time-Autonomous-Smart-Cart-System-for-Human-Retail-Shopping-Assistance\frontend\node_modules\expo\node_modules\@expo\cli\build\src\start\server\serverLogLikeMetro.js:214:27)
  warnOnce (F:\final year project\A-Real-Time-Autonomous-Smart-Cart-System-for-Human-Retail-Shopping-Assistance\frontend\node_modules\react-native-web\dist\modules\warnOnce\index.js:24:13)
  preprocess (F:\final year project\A-Real-Time-Autonomous-Smart-Cart-System-for-Human-Retail-Shopping-Assistance\frontend\node_modules\react-native-web\dist\exports\StyleSheet\preprocess.js:136:13)
  compileAndInsertAtomic (F:\final year project\A-Real-Time-Autonomous-Smart-Cart-System-for-Human-Retail-Shopping-Assistance\frontend\node_modules\react-native-web\dist\exports\StyleSheet\index.js:56:34)
  <unknown> (F:\final year project\A-Real-Time-Autonomous-Smart-Cart-System-for-Human-Retail-Shopping-Assistance\frontend\node_modules\react-native-web\dist\exports\StyleSheet\index.js:99:26)
  Function.create (F:\final year project\A-Real-Time-Autonomous-Smart-Cart-System-for-Human-Retail-Shopping-Assistance\frontend\node_modules\react-native-web\dist\exports\StyleSheet\index.js:87:23)
  factory (F:\final year project\A-Real-Time-Autonomous-Smart-Cart-System-for-Human-Retail-Shopping-Assistance\frontend\src\app\index.tsx:193:27)
  loadModuleImplementation (F:\final year project\A-Real-Time-Autonomous-Smart-Cart-System-for-Human-Retail-Shopping-Assistance\frontend\node_modules\metro\node_modules\metro-runtime\src\polyfills\require.js:285:5)
  guardedLoadModule (F:\final year project\A-Real-Time-Autonomous-Smart-Cart-System-for-Human-Retail-Shopping-Assistance\frontend\node_modules\metro\node_modules\metro-runtime\src\polyfills\require.js:183:21)
  require (F:\final year project\A-Real-Time-Autonomous-Smart-Cart-System-for-Human-Retail-Shopping-Assistance\frontend\node_modules\metro\node_modules\metro-runtime\src\polyfills\require.js:98:7)
  Object.loadRoute (F:\final year project\A-Real-Time-Autonomous-Smart-Cart-System-for-Human-Retail-Shopping-Assistance\frontend\node_modules\expo-router\build\getRoutesCore.js:239:35)
  runtimeValidateRouteNode (F:\final year project\A-Real-Time-Autonomous-Smart-Cart-System-for-Human-Retail-Shopping-Assistance\frontend\node_modules\expo-router\build\getRoutesCore.js:503:32)
  validateRouteTreeExports (F:\final year project\A-Real-Time-Autonomous-Smart-Cart-System-for-Human-Retail-Shopping-Assistance\frontend\node_modules\expo-router\build\getRoutesCore.js:514:5)
  validateRouteTreeExports (F:\final year project\A-Real-Time-Autonomous-Smart-Cart-System-for-Human-Retail-Shopping-Assistance\frontend\node_modules\expo-router\build\getRoutesCore.js:516:9)
  getRoutes (F:\final year project\A-Real-Time-Autonomous-Smart-Cart-System-for-Human-Retail-Shopping-Assistance\frontend\node_modules\expo-router\build\getRoutesCore.js:33:9)
  getRoutes (F:\final year project\A-Real-Time-Autonomous-Smart-Cart-System-for-Human-Retail-Shopping-Assistance\frontend\node_modules\expo-router\build\getRoutes.js:20:41)
  useStore (F:\final year project\A-Real-Time-Autonomous-Smart-Cart-System-for-Human-Retail-Shopping-Assistance\frontend\node_modules\expo-router\build\global-state\useStore.js:28:48)
  Component (F:\final year project\A-Real-Time-Autonomous-Smart-Cart-System-for-Human-Retail-Shopping-Assistance\frontend\node_modules\expo-router\build\ExpoRoot.js:122:46)
  Object.callComponentInDEV [as react_stack_bottom_frame] (F:\final year project\A-Real-Time-Autonomous-Smart-Cart-System-for-Human-Retail-Shopping-Assistance\frontend\node_modules\react-dom\cjs\react-dom-server-legacy.node.development.js:9808:18)
  renderWithHooks (F:\final year project\A-Real-Time-Autonomous-Smart-Cart-System-for-Human-Retail-Shopping-Assistance\frontend\node_modules\react-dom\cjs\react-dom-server-legacy.node.development.js:5062:19)
  run (F:\final year project\A-Real-Time-Autonomous-Smart-Cart-System-for-Human-Retail-Shopping-Assistance\frontend\node_modules\react-dom\cjs\react-dom-server-legacy.node.development.js:5497:23)
  retryNode (F:\final year project\A-Real-Time-Autonomous-Smart-Cart-System-for-Human-Retail-Shopping-Assistance\frontend\node_modules\react-dom\cjs\react-dom-server-legacy.node.development.js:6417:31)
  renderNodeDestructive (F:\final year project\A-Real-Time-Autonomous-Smart-Cart-System-for-Human-Retail-Shopping-Assistance\frontend\node_modules\react-dom\cjs\react-dom-server-legacy.node.development.js:6367:11)
  finishFunctionComponent (F:\final year project\A-Real-Time-Autonomous-Smart-Cart-System-for-Human-Retail-Shopping-Assistance\frontend\node_modules\react-dom\cjs\react-dom-server-legacy.node.development.js:5106:13)
  run (F:\final year project\A-Real-Time-Autonomous-Smart-Cart-System-for-Human-Retail-Shopping-Assistance\frontend\node_modules\react-dom\cjs\react-dom-server-legacy.node.development.js:5552:11)
  retryNode (F:\final year project\A-Real-Time-Autonomous-Smart-Cart-System-for-Human-Retail-Shopping-Assistance\frontend\node_modules\react-dom\cjs\react-dom-server-legacy.node.development.js:6417:31)
  renderNodeDestructive (F:\final year project\A-Real-Time-Autonomous-Smart-Cart-System-for-Human-Retail-Shopping-Assistance\frontend\node_modules\react-dom\cjs\react-dom-server-legacy.node.development.js:6367:11)
  finishFunctionComponent (F:\final year project\A-Real-Time-Autonomous-Smart-Cart-System-for-Human-Retail-Shopping-Assistance\frontend\node_modules\react-dom\cjs\react-dom-server-legacy.node.development.js:5106:13)
  run (F:\final year project\A-Real-Time-Autonomous-Smart-Cart-System-for-Human-Retail-Shopping-Assistance\frontend\node_modules\react-dom\cjs\react-dom-server-legacy.node.development.js:5552:11)
  retryNode (F:\final year project\A-Real-Time-Autonomous-Smart-Cart-System-for-Human-Retail-Shopping-Assistance\frontend\node_modules\react-dom\cjs\react-dom-server-legacy.node.development.js:6417:31)
  renderNodeDestructive (F:\final year project\A-Real-Time-Autonomous-Smart-Cart-System-for-Human-Retail-Shopping-Assistance\frontend\node_modules\react-dom\cjs\react-dom-server-legacy.node.development.js:6367:11)
  run (F:\final year project\A-Real-Time-Autonomous-Smart-Cart-System-for-Human-Retail-Shopping-Assistance\frontend\node_modules\react-dom\cjs\react-dom-server-legacy.node.development.js:6063:15)
  retryNode (F:\final year project\A-Real-Time-Autonomous-Smart-Cart-System-for-Human-Retail-Shopping-Assistance\frontend\node_modules\react-dom\cjs\react-dom-server-legacy.node.development.js:6417:31)
  renderNodeDestructive (F:\final year project\A-Real-Time-Autonomous-Smart-Cart-System-for-Human-Retail-Shopping-Assistance\frontend\node_modules\react-dom\cjs\react-dom-server-legacy.node.development.js:6367:11)
  run (F:\final year project\A-Real-Time-Autonomous-Smart-Cart-System-for-Human-Retail-Shopping-Assistance\frontend\node_modules\react-dom\cjs\react-dom-server-legacy.node.development.js:6063:15)
  retryNode (F:\final year project\A-Real-Time-Autonomous-Smart-Cart-System-for-Human-Retail-Shopping-Assistance\frontend\node_modules\react-dom\cjs\react-dom-server-legacy.node.development.js:6417:31)
  renderNodeDestructive (F:\final year project\A-Real-Time-Autonomous-Smart-Cart-System-for-Human-Retail-Shopping-Assistance\frontend\node_modules\react-dom\cjs\react-dom-server-legacy.node.development.js:6367:11)
  finishFunctionComponent (F:\final year project\A-Real-Time-Autonomous-Smart-Cart-System-for-Human-Retail-Shopping-Assistance\frontend\node_modules\react-dom\cjs\react-dom-server-legacy.node.development.js:5106:13)
  run (F:\final year project\A-Real-Time-Autonomous-Smart-Cart-System-for-Human-Retail-Shopping-Assistance\frontend\node_modules\react-dom\cjs\react-dom-server-legacy.node.development.js:5552:11)
  retryNode (F:\final year project\A-Real-Time-Autonomous-Smart-Cart-System-for-Human-Retail-Shopping-Assistance\frontend\node_modules\react-dom\cjs\react-dom-server-legacy.node.development.js:6417:31)
  renderNodeDestructive (F:\final year project\A-Real-Time-Autonomous-Smart-Cart-System-for-Human-Retail-Shopping-Assistance\frontend\node_modules\react-dom\cjs\react-dom-server-legacy.node.development.js:6367:11)
  run (F:\final year project\A-Real-Time-Autonomous-Smart-Cart-System-for-Human-Retail-Shopping-Assistance\frontend\node_modules\react-dom\cjs\react-dom-server-legacy.node.development.js:6063:15)
  retryNode (F:\final year project\A-Real-Time-Autonomous-Smart-Cart-System-for-Human-Retail-Shopping-Assistance\frontend\node_modules\react-dom\cjs\react-dom-server-legacy.node.development.js:6417:31)
  renderNodeDestructive (F:\final year project\A-Real-Time-Autonomous-Smart-Cart-System-for-Human-Retail-Shopping-Assistance\frontend\node_modules\react-dom\cjs\react-dom-server-legacy.node.development.js:6367:11)
  finishFunctionComponent (F:\final year project\A-Real-Time-Autonomous-Smart-Cart-System-for-Human-Retail-Shopping-Assistance\frontend\node_modules\react-dom\cjs\react-dom-server-legacy.node.development.js:5106:13)
  run (F:\final year project\A-Real-Time-Autonomous-Smart-Cart-System-for-Human-Retail-Shopping-Assistance\frontend\node_modules\react-dom\cjs\react-dom-server-legacy.node.development.js:5552:11)
  retryNode (F:\final year project\A-Real-Time-Autonomous-Smart-Cart-System-for-Human-Retail-Shopping-Assistance\frontend\node_modules\react-dom\cjs\react-dom-server-legacy.node.development.js:6417:31)
Web Bundled 8285ms node_modules\expo-router\entry.js (1 module)
Web Bundled 6509ms node_modules\expo-router\entry.js (1 module)
Web Bundled 6346ms node_modules\expo-router\entry.js (1 module)
Web Bundled 353ms node_modules\expo-router\entry.js (1 module)
λ Bundled 228ms node_modules\expo\node_modules\@expo\cli\node_modules\@expo\router-server\node\render.js (1 module)
λ  WARN  "shadow*" style props are deprecated. Use "boxShadow". 
  console.logWithStack [as warn] (F:\final year project\A-Real-Time-Autonomous-Smart-Cart-System-for-Human-Retail-Shopping-Assistance\frontend\node_modules\expo\node_modules\@expo\cli\build\src\start\server\serverLogLikeMetro.js:214:27)
  warnOnce (F:\final year project\A-Real-Time-Autonomous-Smart-Cart-System-for-Human-Retail-Shopping-Assistance\frontend\node_modules\react-native-web\dist\modules\warnOnce\index.js:24:13)
  preprocess (F:\final year project\A-Real-Time-Autonomous-Smart-Cart-System-for-Human-Retail-Shopping-Assistance\frontend\node_modules\react-native-web\dist\exports\StyleSheet\preprocess.js:136:13)
  compileAndInsertAtomic (F:\final year project\A-Real-Time-Autonomous-Smart-Cart-System-for-Human-Retail-Shopping-Assistance\frontend\node_modules\react-native-web\dist\exports\StyleSheet\index.js:56:34)
  <unknown> (F:\final year project\A-Real-Time-Autonomous-Smart-Cart-System-for-Human-Retail-Shopping-Assistance\frontend\node_modules\react-native-web\dist\exports\StyleSheet\index.js:99:26)
  Function.create (F:\final year project\A-Real-Time-Autonomous-Smart-Cart-System-for-Human-Retail-Shopping-Assistance\frontend\node_modules\react-native-web\dist\exports\StyleSheet\index.js:87:23)
  factory (F:\final year project\A-Real-Time-Autonomous-Smart-Cart-System-for-Human-Retail-Shopping-Assistance\frontend\src\app\index.tsx:193:27)
  loadModuleImplementation (F:\final year project\A-Real-Time-Autonomous-Smart-Cart-System-for-Human-Retail-Shopping-Assistance\frontend\node_modules\metro\node_modules\metro-runtime\src\polyfills\require.js:285:5)
  guardedLoadModule (F:\final year project\A-Real-Time-Autonomous-Smart-Cart-System-for-Human-Retail-Shopping-Assistance\frontend\node_modules\metro\node_modules\metro-runtime\src\polyfills\require.js:183:21)
  require (F:\final year project\A-Real-Time-Autonomous-Smart-Cart-System-for-Human-Retail-Shopping-Assistance\frontend\node_modules\metro\node_modules\metro-runtime\src\polyfills\require.js:98:7)
  Object.loadRoute (F:\final year project\A-Real-Time-Autonomous-Smart-Cart-System-for-Human-Retail-Shopping-Assistance\frontend\node_modules\expo-router\build\getRoutesCore.js:239:35)
  runtimeValidateRouteNode (F:\final year project\A-Real-Time-Autonomous-Smart-Cart-System-for-Human-Retail-Shopping-Assistance\frontend\node_modules\expo-router\build\getRoutesCore.js:503:32)
  validateRouteTreeExports (F:\final year project\A-Real-Time-Autonomous-Smart-Cart-System-for-Human-Retail-Shopping-Assistance\frontend\node_modules\expo-router\build\getRoutesCore.js:514:5)
  validateRouteTreeExports (F:\final year project\A-Real-Time-Autonomous-Smart-Cart-System-for-Human-Retail-Shopping-Assistance\frontend\node_modules\expo-router\build\getRoutesCore.js:516:9)
  getRoutes (F:\final year project\A-Real-Time-Autonomous-Smart-Cart-System-for-Human-Retail-Shopping-Assistance\frontend\node_modules\expo-router\build\getRoutesCore.js:33:9)
  getRoutes (F:\final year project\A-Real-Time-Autonomous-Smart-Cart-System-for-Human-Retail-Shopping-Assistance\frontend\node_modules\expo-router\build\getRoutes.js:20:41)
  useStore (F:\final year project\A-Real-Time-Autonomous-Smart-Cart-System-for-Human-Retail-Shopping-Assistance\frontend\node_modules\expo-router\build\global-state\useStore.js:28:48)
  Component (F:\final year project\A-Real-Time-Autonomous-Smart-Cart-System-for-Human-Retail-Shopping-Assistance\frontend\node_modules\expo-router\build\ExpoRoot.js:122:46)
  Object.callComponentInDEV [as react_stack_bottom_frame] (F:\final year project\A-Real-Time-Autonomous-Smart-Cart-System-for-Human-Retail-Shopping-Assistance\frontend\node_modules\react-dom\cjs\react-dom-server-legacy.node.development.js:9808:18)
  renderWithHooks (F:\final year project\A-Real-Time-Autonomous-Smart-Cart-System-for-Human-Retail-Shopping-Assistance\frontend\node_modules\react-dom\cjs\react-dom-server-legacy.node.development.js:5062:19)
  run (F:\final year project\A-Real-Time-Autonomous-Smart-Cart-System-for-Human-Retail-Shopping-Assistance\frontend\node_modules\react-dom\cjs\react-dom-server-legacy.node.development.js:5497:23)
  retryNode (F:\final year project\A-Real-Time-Autonomous-Smart-Cart-System-for-Human-Retail-Shopping-Assistance\frontend\node_modules\react-dom\cjs\react-dom-server-legacy.node.development.js:6417:31)
  renderNodeDestructive (F:\final year project\A-Real-Time-Autonomous-Smart-Cart-System-for-Human-Retail-Shopping-Assistance\frontend\node_modules\react-dom\cjs\react-dom-server-legacy.node.development.js:6367:11)
  finishFunctionComponent (F:\final year project\A-Real-Time-Autonomous-Smart-Cart-System-for-Human-Retail-Shopping-Assistance\frontend\node_modules\react-dom\cjs\react-dom-server-legacy.node.development.js:5106:13)
  run (F:\final year project\A-Real-Time-Autonomous-Smart-Cart-System-for-Human-Retail-Shopping-Assistance\frontend\node_modules\react-dom\cjs\react-dom-server-legacy.node.development.js:5552:11)
  retryNode (F:\final year project\A-Real-Time-Autonomous-Smart-Cart-System-for-Human-Retail-Shopping-Assistance\frontend\node_modules\react-dom\cjs\react-dom-server-legacy.node.development.js:6417:31)
  renderNodeDestructive (F:\final year project\A-Real-Time-Autonomous-Smart-Cart-System-for-Human-Retail-Shopping-Assistance\frontend\node_modules\react-dom\cjs\react-dom-server-legacy.node.development.js:6367:11)
  finishFunctionComponent (F:\final year project\A-Real-Time-Autonomous-Smart-Cart-System-for-Human-Retail-Shopping-Assistance\frontend\node_modules\react-dom\cjs\react-dom-server-legacy.node.development.js:5106:13)
  run (F:\final year project\A-Real-Time-Autonomous-Smart-Cart-System-for-Human-Retail-Shopping-Assistance\frontend\node_modules\react-dom\cjs\react-dom-server-legacy.node.development.js:5552:11)
  retryNode (F:\final year project\A-Real-Time-Autonomous-Smart-Cart-System-for-Human-Retail-Shopping-Assistance\frontend\node_modules\react-dom\cjs\react-dom-server-legacy.node.development.js:6417:31)
  renderNodeDestructive (F:\final year project\A-Real-Time-Autonomous-Smart-Cart-System-for-Human-Retail-Shopping-Assistance\frontend\node_modules\react-dom\cjs\react-dom-server-legacy.node.development.js:6367:11)
  run (F:\final year project\A-Real-Time-Autonomous-Smart-Cart-System-for-Human-Retail-Shopping-Assistance\frontend\node_modules\react-dom\cjs\react-dom-server-legacy.node.development.js:6063:15)
  retryNode (F:\final year project\A-Real-Time-Autonomous-Smart-Cart-System-for-Human-Retail-Shopping-Assistance\frontend\node_modules\react-dom\cjs\react-dom-server-legacy.node.development.js:6417:31)
  renderNodeDestructive (F:\final year project\A-Real-Time-Autonomous-Smart-Cart-System-for-Human-Retail-Shopping-Assistance\frontend\node_modules\react-dom\cjs\react-dom-server-legacy.node.development.js:6367:11)
  run (F:\final year project\A-Real-Time-Autonomous-Smart-Cart-System-for-Human-Retail-Shopping-Assistance\frontend\node_modules\react-dom\cjs\react-dom-server-legacy.node.development.js:6063:15)
  retryNode (F:\final year project\A-Real-Time-Autonomous-Smart-Cart-System-for-Human-Retail-Shopping-Assistance\frontend\node_modules\react-dom\cjs\react-dom-server-legacy.node.development.js:6417:31)
  renderNodeDestructive (F:\final year project\A-Real-Time-Autonomous-Smart-Cart-System-for-Human-Retail-Shopping-Assistance\frontend\node_modules\react-dom\cjs\react-dom-server-legacy.node.development.js:6367:11)
  finishFunctionComponent (F:\final year project\A-Real-Time-Autonomous-Smart-Cart-System-for-Human-Retail-Shopping-Assistance\frontend\node_modules\react-dom\cjs\react-dom-server-legacy.node.development.js:5106:13)
  run (F:\final year project\A-Real-Time-Autonomous-Smart-Cart-System-for-Human-Retail-Shopping-Assistance\frontend\node_modules\react-dom\cjs\react-dom-server-legacy.node.development.js:5552:11)
  retryNode (F:\final year project\A-Real-Time-Autonomous-Smart-Cart-System-for-Human-Retail-Shopping-Assistance\frontend\node_modules\react-dom\cjs\react-dom-server-legacy.node.development.js:6417:31)
  renderNodeDestructive (F:\final year project\A-Real-Time-Autonomous-Smart-Cart-System-for-Human-Retail-Shopping-Assistance\frontend\node_modules\react-dom\cjs\react-dom-server-legacy.node.development.js:6367:11)
  run (F:\final year project\A-Real-Time-Autonomous-Smart-Cart-System-for-Human-Retail-Shopping-Assistance\frontend\node_modules\react-dom\cjs\react-dom-server-legacy.node.development.js:6063:15)
  retryNode (F:\final year project\A-Real-Time-Autonomous-Smart-Cart-System-for-Human-Retail-Shopping-Assistance\frontend\node_modules\react-dom\cjs\react-dom-server-legacy.node.development.js:6417:31)
  renderNodeDestructive (F:\final year project\A-Real-Time-Autonomous-Smart-Cart-System-for-Human-Retail-Shopping-Assistance\frontend\node_modules\react-dom\cjs\react-dom-server-legacy.node.development.js:6367:11)
  finishFunctionComponent (F:\final year project\A-Real-Time-Autonomous-Smart-Cart-System-for-Human-Retail-Shopping-Assistance\frontend\node_modules\react-dom\cjs\react-dom-server-legacy.node.development.js:5106:13)
  run (F:\final year project\A-Real-Time-Autonomous-Smart-Cart-System-for-Human-Retail-Shopping-Assistance\frontend\node_modules\react-dom\cjs\react-dom-server-legacy.node.development.js:5552:11)
  retryNode (F:\final year project\A-Real-Time-Autonomous-Smart-Cart-System-for-Human-Retail-Shopping-Assistance\frontend\node_modules\react-dom\cjs\react-dom-server-legacy.node.development.js:6417:31)
Web Bundled 3703ms node_modules\expo-router\entry.js (1 module)
Web  INFO  %cDownload the React DevTools for a better development experience: https://react.dev/link/react-devtools font-weight:bold
Web  LOG  Running application "main" with appParams:
 {"hydrate": undefined, "rootTag": "#root"} 
Development-level warnings: ON.
Performance optimizations: OFF.
Web  WARN  "shadow*" style props are deprecated. Use "boxShadow".
Web  WARN  props.pointerEvents is deprecated. Use style.pointerEvents
λ Bundled 130ms node_modules\expo\node_modules\@expo\cli\node_modules\@expo\router-server\node\render.js (1 module)
λ  WARN  "shadow*" style props are deprecated. Use "boxShadow". 
  console.logWithStack [as warn] (F:\final year project\A-Real-Time-Autonomous-Smart-Cart-System-for-Human-Retail-Shopping-Assistance\frontend\node_modules\expo\node_modules\@expo\cli\build\src\start\server\serverLogLikeMetro.js:214:27)
  warnOnce (F:\final year project\A-Real-Time-Autonomous-Smart-Cart-System-for-Human-Retail-Shopping-Assistance\frontend\node_modules\react-native-web\dist\modules\warnOnce\index.js:24:13)
  preprocess (F:\final year project\A-Real-Time-Autonomous-Smart-Cart-System-for-Human-Retail-Shopping-Assistance\frontend\node_modules\react-native-web\dist\exports\StyleSheet\preprocess.js:136:13)
  compileAndInsertAtomic (F:\final year project\A-Real-Time-Autonomous-Smart-Cart-System-for-Human-Retail-Shopping-Assistance\frontend\node_modules\react-native-web\dist\exports\StyleSheet\index.js:56:34)
  <unknown> (F:\final year project\A-Real-Time-Autonomous-Smart-Cart-System-for-Human-Retail-Shopping-Assistance\frontend\node_modules\react-native-web\dist\exports\StyleSheet\index.js:99:26)
  Function.create (F:\final year project\A-Real-Time-Autonomous-Smart-Cart-System-for-Human-Retail-Shopping-Assistance\frontend\node_modules\react-native-web\dist\exports\StyleSheet\index.js:87:23)
  factory (F:\final year project\A-Real-Time-Autonomous-Smart-Cart-System-for-Human-Retail-Shopping-Assistance\frontend\src\app\index.tsx:193:27)
  loadModuleImplementation (F:\final year project\A-Real-Time-Autonomous-Smart-Cart-System-for-Human-Retail-Shopping-Assistance\frontend\node_modules\metro\node_modules\metro-runtime\src\polyfills\require.js:285:5)
  guardedLoadModule (F:\final year project\A-Real-Time-Autonomous-Smart-Cart-System-for-Human-Retail-Shopping-Assistance\frontend\node_modules\metro\node_modules\metro-runtime\src\polyfills\require.js:183:21)
  require (F:\final year project\A-Real-Time-Autonomous-Smart-Cart-System-for-Human-Retail-Shopping-Assistance\frontend\node_modules\metro\node_modules\metro-runtime\src\polyfills\require.js:98:7)
  Object.loadRoute (F:\final year project\A-Real-Time-Autonomous-Smart-Cart-System-for-Human-Retail-Shopping-Assistance\frontend\node_modules\expo-router\build\getRoutesCore.js:239:35)
  runtimeValidateRouteNode (F:\final year project\A-Real-Time-Autonomous-Smart-Cart-System-for-Human-Retail-Shopping-Assistance\frontend\node_modules\expo-router\build\getRoutesCore.js:503:32)
  validateRouteTreeExports (F:\final year project\A-Real-Time-Autonomous-Smart-Cart-System-for-Human-Retail-Shopping-Assistance\frontend\node_modules\expo-router\build\getRoutesCore.js:514:5)
  validateRouteTreeExports (F:\final year project\A-Real-Time-Autonomous-Smart-Cart-System-for-Human-Retail-Shopping-Assistance\frontend\node_modules\expo-router\build\getRoutesCore.js:516:9)
  getRoutes (F:\final year project\A-Real-Time-Autonomous-Smart-Cart-System-for-Human-Retail-Shopping-Assistance\frontend\node_modules\expo-router\build\getRoutesCore.js:33:9)
  getRoutes (F:\final year project\A-Real-Time-Autonomous-Smart-Cart-System-for-Human-Retail-Shopping-Assistance\frontend\node_modules\expo-router\build\getRoutes.js:20:41)
  useStore (F:\final year project\A-Real-Time-Autonomous-Smart-Cart-System-for-Human-Retail-Shopping-Assistance\frontend\node_modules\expo-router\build\global-state\useStore.js:28:48)
  Component (F:\final year project\A-Real-Time-Autonomous-Smart-Cart-System-for-Human-Retail-Shopping-Assistance\frontend\node_modules\expo-router\build\ExpoRoot.js:122:46)
  Object.callComponentInDEV [as react_stack_bottom_frame] (F:\final year project\A-Real-Time-Autonomous-Smart-Cart-System-for-Human-Retail-Shopping-Assistance\frontend\node_modules\react-dom\cjs\react-dom-server-legacy.node.development.js:9808:18)
  renderWithHooks (F:\final year project\A-Real-Time-Autonomous-Smart-Cart-System-for-Human-Retail-Shopping-Assistance\frontend\node_modules\react-dom\cjs\react-dom-server-legacy.node.development.js:5062:19)
  run (F:\final year project\A-Real-Time-Autonomous-Smart-Cart-System-for-Human-Retail-Shopping-Assistance\frontend\node_modules\react-dom\cjs\react-dom-server-legacy.node.development.js:5497:23)
  retryNode (F:\final year project\A-Real-Time-Autonomous-Smart-Cart-System-for-Human-Retail-Shopping-Assistance\frontend\node_modules\react-dom\cjs\react-dom-server-legacy.node.development.js:6417:31)
  renderNodeDestructive (F:\final year project\A-Real-Time-Autonomous-Smart-Cart-System-for-Human-Retail-Shopping-Assistance\frontend\node_modules\react-dom\cjs\react-dom-server-legacy.node.development.js:6367:11)
  finishFunctionComponent (F:\final year project\A-Real-Time-Autonomous-Smart-Cart-System-for-Human-Retail-Shopping-Assistance\frontend\node_modules\react-dom\cjs\react-dom-server-legacy.node.development.js:5106:13)
  run (F:\final year project\A-Real-Time-Autonomous-Smart-Cart-System-for-Human-Retail-Shopping-Assistance\frontend\node_modules\react-dom\cjs\react-dom-server-legacy.node.development.js:5552:11)
  retryNode (F:\final year project\A-Real-Time-Autonomous-Smart-Cart-System-for-Human-Retail-Shopping-Assistance\frontend\node_modules\react-dom\cjs\react-dom-server-legacy.node.development.js:6417:31)
  renderNodeDestructive (F:\final year project\A-Real-Time-Autonomous-Smart-Cart-System-for-Human-Retail-Shopping-Assistance\frontend\node_modules\react-dom\cjs\react-dom-server-legacy.node.development.js:6367:11)
  finishFunctionComponent (F:\final year project\A-Real-Time-Autonomous-Smart-Cart-System-for-Human-Retail-Shopping-Assistance\frontend\node_modules\react-dom\cjs\react-dom-server-legacy.node.development.js:5106:13)
  run (F:\final year project\A-Real-Time-Autonomous-Smart-Cart-System-for-Human-Retail-Shopping-Assistance\frontend\node_modules\react-dom\cjs\react-dom-server-legacy.node.development.js:5552:11)
  retryNode (F:\final year project\A-Real-Time-Autonomous-Smart-Cart-System-for-Human-Retail-Shopping-Assistance\frontend\node_modules\react-dom\cjs\react-dom-server-legacy.node.development.js:6417:31)
  renderNodeDestructive (F:\final year project\A-Real-Time-Autonomous-Smart-Cart-System-for-Human-Retail-Shopping-Assistance\frontend\node_modules\react-dom\cjs\react-dom-server-legacy.node.development.js:6367:11)
  run (F:\final year project\A-Real-Time-Autonomous-Smart-Cart-System-for-Human-Retail-Shopping-Assistance\frontend\node_modules\react-dom\cjs\react-dom-server-legacy.node.development.js:6063:15)
  retryNode (F:\final year project\A-Real-Time-Autonomous-Smart-Cart-System-for-Human-Retail-Shopping-Assistance\frontend\node_modules\react-dom\cjs\react-dom-server-legacy.node.development.js:6417:31)
  renderNodeDestructive (F:\final year project\A-Real-Time-Autonomous-Smart-Cart-System-for-Human-Retail-Shopping-Assistance\frontend\node_modules\react-dom\cjs\react-dom-server-legacy.node.development.js:6367:11)
  run (F:\final year project\A-Real-Time-Autonomous-Smart-Cart-System-for-Human-Retail-Shopping-Assistance\frontend\node_modules\react-dom\cjs\react-dom-server-legacy.node.development.js:6063:15)
  retryNode (F:\final year project\A-Real-Time-Autonomous-Smart-Cart-System-for-Human-Retail-Shopping-Assistance\frontend\node_modules\react-dom\cjs\react-dom-server-legacy.node.development.js:6417:31)
  renderNodeDestructive (F:\final year project\A-Real-Time-Autonomous-Smart-Cart-System-for-Human-Retail-Shopping-Assistance\frontend\node_modules\react-dom\cjs\react-dom-server-legacy.node.development.js:6367:11)
  finishFunctionComponent (F:\final year project\A-Real-Time-Autonomous-Smart-Cart-System-for-Human-Retail-Shopping-Assistance\frontend\node_modules\react-dom\cjs\react-dom-server-legacy.node.development.js:5106:13)
  run (F:\final year project\A-Real-Time-Autonomous-Smart-Cart-System-for-Human-Retail-Shopping-Assistance\frontend\node_modules\react-dom\cjs\react-dom-server-legacy.node.development.js:5552:11)
  retryNode (F:\final year project\A-Real-Time-Autonomous-Smart-Cart-System-for-Human-Retail-Shopping-Assistance\frontend\node_modules\react-dom\cjs\react-dom-server-legacy.node.development.js:6417:31)
  renderNodeDestructive (F:\final year project\A-Real-Time-Autonomous-Smart-Cart-System-for-Human-Retail-Shopping-Assistance\frontend\node_modules\react-dom\cjs\react-dom-server-legacy.node.development.js:6367:11)
  run (F:\final year project\A-Real-Time-Autonomous-Smart-Cart-System-for-Human-Retail-Shopping-Assistance\frontend\node_modules\react-dom\cjs\react-dom-server-legacy.node.development.js:6063:15)
  retryNode (F:\final year project\A-Real-Time-Autonomous-Smart-Cart-System-for-Human-Retail-Shopping-Assistance\frontend\node_modules\react-dom\cjs\react-dom-server-legacy.node.development.js:6417:31)
  renderNodeDestructive (F:\final year project\A-Real-Time-Autonomous-Smart-Cart-System-for-Human-Retail-Shopping-Assistance\frontend\node_modules\react-dom\cjs\react-dom-server-legacy.node.development.js:6367:11)
  finishFunctionComponent (F:\final year project\A-Real-Time-Autonomous-Smart-Cart-System-for-Human-Retail-Shopping-Assistance\frontend\node_modules\react-dom\cjs\react-dom-server-legacy.node.development.js:5106:13)
  run (F:\final year project\A-Real-Time-Autonomous-Smart-Cart-System-for-Human-Retail-Shopping-Assistance\frontend\node_modules\react-dom\cjs\react-dom-server-legacy.node.development.js:5552:11)
  retryNode (F:\final year project\A-Real-Time-Autonomous-Smart-Cart-System-for-Human-Retail-Shopping-Assistance\frontend\node_modules\react-dom\cjs\react-dom-server-legacy.node.development.js:6417:31)
Web Bundled 1696ms node_modules\expo-router\entry.js (1 module)
Web Bundled 125ms node_modules\expo-router\entry.js (1 module)
Web  INFO  %cDownload the React DevTools for a better development experience: https://react.dev/link/react-devtools font-weight:bold
Web  LOG  Running application "main" with appParams:
 {"hydrate": undefined, "rootTag": "#root"} 
Development-level warnings: ON.
Performance optimizations: OFF.
Web  WARN  "shadow*" style props are deprecated. Use "boxShadow".
λ Bundled 46ms node_modules\expo\node_modules\@expo\cli\node_modules\@expo\router-server\node\render.js (1 module)
λ  WARN  "shadow*" style props are deprecated. Use "boxShadow". 
  console.logWithStack [as warn] (F:\final year project\A-Real-Time-Autonomous-Smart-Cart-System-for-Human-Retail-Shopping-Assistance\frontend\node_modules\expo\node_modules\@expo\cli\build\src\start\server\serverLogLikeMetro.js:214:27)
  warnOnce (F:\final year project\A-Real-Time-Autonomous-Smart-Cart-System-for-Human-Retail-Shopping-Assistance\frontend\node_modules\react-native-web\dist\modules\warnOnce\index.js:24:13)
  preprocess (F:\final year project\A-Real-Time-Autonomous-Smart-Cart-System-for-Human-Retail-Shopping-Assistance\frontend\node_modules\react-native-web\dist\exports\StyleSheet\preprocess.js:136:13)
  compileAndInsertAtomic (F:\final year project\A-Real-Time-Autonomous-Smart-Cart-System-for-Human-Retail-Shopping-Assistance\frontend\node_modules\react-native-web\dist\exports\StyleSheet\index.js:56:34)
  <unknown> (F:\final year project\A-Real-Time-Autonomous-Smart-Cart-System-for-Human-Retail-Shopping-Assistance\frontend\node_modules\react-native-web\dist\exports\StyleSheet\index.js:99:26)
  Function.create (F:\final year project\A-Real-Time-Autonomous-Smart-Cart-System-for-Human-Retail-Shopping-Assistance\frontend\node_modules\react-native-web\dist\exports\StyleSheet\index.js:87:23)
  factory (F:\final year project\A-Real-Time-Autonomous-Smart-Cart-System-for-Human-Retail-Shopping-Assistance\frontend\src\app\index.tsx:193:27)
  loadModuleImplementation (F:\final year project\A-Real-Time-Autonomous-Smart-Cart-System-for-Human-Retail-Shopping-Assistance\frontend\node_modules\metro\node_modules\metro-runtime\src\polyfills\require.js:285:5)
  guardedLoadModule (F:\final year project\A-Real-Time-Autonomous-Smart-Cart-System-for-Human-Retail-Shopping-Assistance\frontend\node_modules\metro\node_modules\metro-runtime\src\polyfills\require.js:183:21)
  require (F:\final year project\A-Real-Time-Autonomous-Smart-Cart-System-for-Human-Retail-Shopping-Assistance\frontend\node_modules\metro\node_modules\metro-runtime\src\polyfills\require.js:98:7)
  Object.loadRoute (F:\final year project\A-Real-Time-Autonomous-Smart-Cart-System-for-Human-Retail-Shopping-Assistance\frontend\node_modules\expo-router\build\getRoutesCore.js:239:35)
  runtimeValidateRouteNode (F:\final year project\A-Real-Time-Autonomous-Smart-Cart-System-for-Human-Retail-Shopping-Assistance\frontend\node_modules\expo-router\build\getRoutesCore.js:503:32)
  validateRouteTreeExports (F:\final year project\A-Real-Time-Autonomous-Smart-Cart-System-for-Human-Retail-Shopping-Assistance\frontend\node_modules\expo-router\build\getRoutesCore.js:514:5)
  validateRouteTreeExports (F:\final year project\A-Real-Time-Autonomous-Smart-Cart-System-for-Human-Retail-Shopping-Assistance\frontend\node_modules\expo-router\build\getRoutesCore.js:516:9)
  getRoutes (F:\final year project\A-Real-Time-Autonomous-Smart-Cart-System-for-Human-Retail-Shopping-Assistance\frontend\node_modules\expo-router\build\getRoutesCore.js:33:9)
  getRoutes (F:\final year project\A-Real-Time-Autonomous-Smart-Cart-System-for-Human-Retail-Shopping-Assistance\frontend\node_modules\expo-router\build\getRoutes.js:20:41)
  useStore (F:\final year project\A-Real-Time-Autonomous-Smart-Cart-System-for-Human-Retail-Shopping-Assistance\frontend\node_modules\expo-router\build\global-state\useStore.js:28:48)
  Component (F:\final year project\A-Real-Time-Autonomous-Smart-Cart-System-for-Human-Retail-Shopping-Assistance\frontend\node_modules\expo-router\build\ExpoRoot.js:122:46)
  Object.callComponentInDEV [as react_stack_bottom_frame] (F:\final year project\A-Real-Time-Autonomous-Smart-Cart-System-for-Human-Retail-Shopping-Assistance\frontend\node_modules\react-dom\cjs\react-dom-server-legacy.node.development.js:9808:18)
  renderWithHooks (F:\final year project\A-Real-Time-Autonomous-Smart-Cart-System-for-Human-Retail-Shopping-Assistance\frontend\node_modules\react-dom\cjs\react-dom-server-legacy.node.development.js:5062:19)
  run (F:\final year project\A-Real-Time-Autonomous-Smart-Cart-System-for-Human-Retail-Shopping-Assistance\frontend\node_modules\react-dom\cjs\react-dom-server-legacy.node.development.js:5497:23)
  retryNode (F:\final year project\A-Real-Time-Autonomous-Smart-Cart-System-for-Human-Retail-Shopping-Assistance\frontend\node_modules\react-dom\cjs\react-dom-server-legacy.node.development.js:6417:31)
  renderNodeDestructive (F:\final year project\A-Real-Time-Autonomous-Smart-Cart-System-for-Human-Retail-Shopping-Assistance\frontend\node_modules\react-dom\cjs\react-dom-server-legacy.node.development.js:6367:11)
  finishFunctionComponent (F:\final year project\A-Real-Time-Autonomous-Smart-Cart-System-for-Human-Retail-Shopping-Assistance\frontend\node_modules\react-dom\cjs\react-dom-server-legacy.node.development.js:5106:13)
  run (F:\final year project\A-Real-Time-Autonomous-Smart-Cart-System-for-Human-Retail-Shopping-Assistance\frontend\node_modules\react-dom\cjs\react-dom-server-legacy.node.development.js:5552:11)
  retryNode (F:\final year project\A-Real-Time-Autonomous-Smart-Cart-System-for-Human-Retail-Shopping-Assistance\frontend\node_modules\react-dom\cjs\react-dom-server-legacy.node.development.js:6417:31)
  renderNodeDestructive (F:\final year project\A-Real-Time-Autonomous-Smart-Cart-System-for-Human-Retail-Shopping-Assistance\frontend\node_modules\react-dom\cjs\react-dom-server-legacy.node.development.js:6367:11)
  finishFunctionComponent (F:\final year project\A-Real-Time-Autonomous-Smart-Cart-System-for-Human-Retail-Shopping-Assistance\frontend\node_modules\react-dom\cjs\react-dom-server-legacy.node.development.js:5106:13)
  run (F:\final year project\A-Real-Time-Autonomous-Smart-Cart-System-for-Human-Retail-Shopping-Assistance\frontend\node_modules\react-dom\cjs\react-dom-server-legacy.node.development.js:5552:11)
  retryNode (F:\final year project\A-Real-Time-Autonomous-Smart-Cart-System-for-Human-Retail-Shopping-Assistance\frontend\node_modules\react-dom\cjs\react-dom-server-legacy.node.development.js:6417:31)
  renderNodeDestructive (F:\final year project\A-Real-Time-Autonomous-Smart-Cart-System-for-Human-Retail-Shopping-Assistance\frontend\node_modules\react-dom\cjs\react-dom-server-legacy.node.development.js:6367:11)
  run (F:\final year project\A-Real-Time-Autonomous-Smart-Cart-System-for-Human-Retail-Shopping-Assistance\frontend\node_modules\react-dom\cjs\react-dom-server-legacy.node.development.js:6063:15)
  retryNode (F:\final year project\A-Real-Time-Autonomous-Smart-Cart-System-for-Human-Retail-Shopping-Assistance\frontend\node_modules\react-dom\cjs\react-dom-server-legacy.node.development.js:6417:31)
  renderNodeDestructive (F:\final year project\A-Real-Time-Autonomous-Smart-Cart-System-for-Human-Retail-Shopping-Assistance\frontend\node_modules\react-dom\cjs\react-dom-server-legacy.node.development.js:6367:11)
  run (F:\final year project\A-Real-Time-Autonomous-Smart-Cart-System-for-Human-Retail-Shopping-Assistance\frontend\node_modules\react-dom\cjs\react-dom-server-legacy.node.development.js:6063:15)
  retryNode (F:\final year project\A-Real-Time-Autonomous-Smart-Cart-System-for-Human-Retail-Shopping-Assistance\frontend\node_modules\react-dom\cjs\react-dom-server-legacy.node.development.js:6417:31)
  renderNodeDestructive (F:\final year project\A-Real-Time-Autonomous-Smart-Cart-System-for-Human-Retail-Shopping-Assistance\frontend\node_modules\react-dom\cjs\react-dom-server-legacy.node.development.js:6367:11)
  finishFunctionComponent (F:\final year project\A-Real-Time-Autonomous-Smart-Cart-System-for-Human-Retail-Shopping-Assistance\frontend\node_modules\react-dom\cjs\react-dom-server-legacy.node.development.js:5106:13)
  run (F:\final year project\A-Real-Time-Autonomous-Smart-Cart-System-for-Human-Retail-Shopping-Assistance\frontend\node_modules\react-dom\cjs\react-dom-server-legacy.node.development.js:5552:11)
  retryNode (F:\final year project\A-Real-Time-Autonomous-Smart-Cart-System-for-Human-Retail-Shopping-Assistance\frontend\node_modules\react-dom\cjs\react-dom-server-legacy.node.development.js:6417:31)
  renderNodeDestructive (F:\final year project\A-Real-Time-Autonomous-Smart-Cart-System-for-Human-Retail-Shopping-Assistance\frontend\node_modules\react-dom\cjs\react-dom-server-legacy.node.development.js:6367:11)
  run (F:\final year project\A-Real-Time-Autonomous-Smart-Cart-System-for-Human-Retail-Shopping-Assistance\frontend\node_modules\react-dom\cjs\react-dom-server-legacy.node.development.js:6063:15)
  retryNode (F:\final year project\A-Real-Time-Autonomous-Smart-Cart-System-for-Human-Retail-Shopping-Assistance\frontend\node_modules\react-dom\cjs\react-dom-server-legacy.node.development.js:6417:31)
  renderNodeDestructive (F:\final year project\A-Real-Time-Autonomous-Smart-Cart-System-for-Human-Retail-Shopping-Assistance\frontend\node_modules\react-dom\cjs\react-dom-server-legacy.node.development.js:6367:11)
  finishFunctionComponent (F:\final year project\A-Real-Time-Autonomous-Smart-Cart-System-for-Human-Retail-Shopping-Assistance\frontend\node_modules\react-dom\cjs\react-dom-server-legacy.node.development.js:5106:13)
  run (F:\final year project\A-Real-Time-Autonomous-Smart-Cart-System-for-Human-Retail-Shopping-Assistance\frontend\node_modules\react-dom\cjs\react-dom-server-legacy.node.development.js:5552:11)
  retryNode (F:\final year project\A-Real-Time-Autonomous-Smart-Cart-System-for-Human-Retail-Shopping-Assistance\frontend\node_modules\react-dom\cjs\react-dom-server-legacy.node.development.js:6417:31)
Web Bundled 537ms node_modules\expo-router\entry.js (1 module)
Web Bundled 36ms node_modules\expo-router\entry.js (1 module)
Web  INFO  %cDownload the React DevTools for a better development experience: https://react.dev/link/react-devtools font-weight:bold
Web  LOG  Running application "main" with appParams:
 {"hydrate": undefined, "rootTag": "#root"} 
Development-level warnings: ON.
Performance optimizations: OFF.
Web  WARN  "shadow*" style props are deprecated. Use "boxShadow".
Web  WARN  props.pointerEvents is deprecated. Use style.pointerEvents
